[2026-02-04 19:44:06] change_phone requested | {"session_id":"coklgj9rtrfefb2lt4ep1u94ia"}
[2026-02-04 19:44:12] OTP sent | {"to":"+919096463943","otp_debug":"<hidden>","session_id":"coklgj9rtrfefb2lt4ep1u94ia"}
[2026-02-04 17:32:34] whatsapp_api_post | {"url":"https:\/\/graph.facebook.com\/v19.0\/636471032888916\/messages","http_code":200,"success":true,"response":{"messaging_product":"whatsapp","contacts":[{"input":"+919096463943","wa_id":"919096463943"}],"messages":[{"id":"wamid.HBgMOTE5MDk2NDYzOTQzFQIAERgSRkVCRjNGMjhBRUI1M0NCRkNCAA==","message_status":"accepted"}]},"error":null}
[2026-02-04 17:35:11] whatsapp_api_post | {"url":"https:\/\/graph.facebook.com\/v19.0\/636471032888916\/messages","http_code":200,"success":true,"response":{"messaging_product":"whatsapp","contacts":[{"input":"+919096463943","wa_id":"919096463943"}],"messages":[{"id":"wamid.HBgMOTE5MDk2NDYzOTQzFQIAERgSNzFEMjlCQzNENkQyMjREQTQyAA==","message_status":"accepted"}]},"error":null}
[2026-02-04 17:36:51] whatsapp_api_post | {"url":"https:\/\/graph.facebook.com\/v19.0\/636471032888916\/messages","http_code":200,"success":true,"response":{"messaging_product":"whatsapp","contacts":[{"input":"+919096463943","wa_id":"919096463943"}],"messages":[{"id":"wamid.HBgMOTE5MDk2NDYzOTQzFQIAERgSQjFDQkJGMzU1OUVCRjMzMTc1AA==","message_status":"accepted"}]},"error":null}
[2026-02-04 17:49:59] whatsapp_api_post | {"url":"https:\/\/graph.facebook.com\/v19.0\/636471032888916\/messages","http_code":200,"success":true,"response":{"messaging_product":"whatsapp","contacts":[{"input":"+919096463943","wa_id":"919096463943"}],"messages":[{"id":"wamid.HBgMOTE5MDk2NDYzOTQzFQIAERgSOUVFNDRBMDk5MDdGNzU3QzAzAA==","message_status":"accepted"}]},"error":null}
[2026-02-04 17:54:08] whatsapp_api_post | {"url":"https:\/\/graph.facebook.com\/v19.0\/636471032888916\/messages","http_code":200,"success":true,"response":{"messaging_product":"whatsapp","contacts":[{"input":"+919096463943","wa_id":"919096463943"}],"messages":[{"id":"wamid.HBgMOTE5MDk2NDYzOTQzFQIAERgSM0M0QUQzRDMxRTFENTI1MDg5AA==","message_status":"accepted"}]},"error":null}
[2026-02-04 17:55:14] whatsapp_api_post | {"url":"https:\/\/graph.facebook.com\/v19.0\/636471032888916\/messages","http_code":200,"success":true,"response":{"messaging_product":"whatsapp","contacts":[{"input":"+919096463943","wa_id":"919096463943"}],"messages":[{"id":"wamid.HBgMOTE5MDk2NDYzOTQzFQIAERgSMTFCMkVGM0VDQzlCNDdENDhCAA==","message_status":"accepted"}]},"error":null}
[2026-02-04 17:58:20] whatsapp_api_post | {"url":"https:\/\/graph.facebook.com\/v19.0\/636471032888916\/messages","http_code":200,"success":true,"response":{"messaging_product":"whatsapp","contacts":[{"input":"+919096463943","wa_id":"919096463943"}],"messages":[{"id":"wamid.HBgMOTE5MDk2NDYzOTQzFQIAERgSNDk0N0MxODhBRTI3RkZCOEIwAA==","message_status":"accepted"}]},"error":null}
[2026-02-04 17:59:28] whatsapp_api_post | {"url":"https:\/\/graph.facebook.com\/v19.0\/636471032888916\/messages","http_code":200,"success":true,"response":{"messaging_product":"whatsapp","contacts":[{"input":"+919096463943","wa_id":"919096463943"}],"messages":[{"id":"wamid.HBgMOTE5MDk2NDYzOTQzFQIAERgSNTQwNEM3NDJDRjE5MkVCM0VBAA==","message_status":"accepted"}]},"error":null}
[2026-02-04 18:10:05] whatsapp_api_post | {"url":"https:\/\/graph.facebook.com\/v19.0\/636471032888916\/messages","http_code":200,"success":true,"response":{"messaging_product":"whatsapp","contacts":[{"input":"+919096463943","wa_id":"919096463943"}],"messages":[{"id":"wamid.HBgMOTE5MDk2NDYzOTQzFQIAERgSOUMzMTNDNTBCRTFGQjBDN0RCAA==","message_status":"accepted"}]},"error":null}
[2026-02-04 18:12:36] csrf_invalid | {"session_id":"coklgj9rtrfefb2lt4ep1u94ia","posted":"d938686b"}
[2026-02-04 18:12:53] whatsapp_api_post | {"url":"https:\/\/graph.facebook.com\/v19.0\/636471032888916\/messages","http_code":200,"success":true,"response":{"messaging_product":"whatsapp","contacts":[{"input":"+919096463943","wa_id":"919096463943"}],"messages":[{"id":"wamid.HBgMOTE5MDk2NDYzOTQzFQIAERgSQURGRUI1QzlCQTk2RTZDREQ1AA==","message_status":"accepted"}]},"error":null}
[2026-02-04 18:12:53] owner_send_otp | {"phone":"+919096463943","debug_otp":"9795"}
[2026-02-04 18:12:58] owner_login_attempt | {"session_id":"coklgj9rtrfefb2lt4ep1u94ia","mobile_e164":"+919096463943","has_hash":true,"expires_at":"2026-02-04T18:17:51+01:00","attempts_before":0}
[2026-02-04 18:12:58] owner_login_verify_result | {"result":"OK","attempts":1}
[2026-02-04 19:17:57] whatsapp_api_post | {"url":"https:\/\/graph.facebook.com\/v19.0\/636471032888916\/messages","http_code":200,"success":true,"response":{"messaging_product":"whatsapp","contacts":[{"input":"+919096463943","wa_id":"919096463943"}],"messages":[{"id":"wamid.HBgMOTE5MDk2NDYzOTQzFQIAERgSMTJFQ0MwOTNFRDM5QkFFNkZBAA==","message_status":"accepted"}]},"error":null}
[2026-02-04 19:17:57] owner_send_otp | {"phone":"+919096463943","debug_otp":"2444"}
[2026-02-04 19:17:57] csrf_invalid | {"session_id":"44ugektp8jacrs25tp61f5kssh","posted":"a6c6452c"}
[2026-02-04 19:18:15] owner_login_attempt | {"session_id":"44ugektp8jacrs25tp61f5kssh","mobile_e164":"+919096463943","has_hash":true,"expires_at":"2026-02-04T19:22:55+01:00","attempts_before":0}
[2026-02-04 19:18:16] owner_login_verify_result | {"result":"OK","attempts":1}
[2026-02-04 19:18:32] whatsapp_api_post | {"url":"https:\/\/graph.facebook.com\/v19.0\/636471032888916\/messages","http_code":200,"success":true,"response":{"messaging_product":"whatsapp","contacts":[{"input":"+919096463943","wa_id":"919096463943"}],"messages":[{"id":"wamid.HBgMOTE5MDk2NDYzOTQzFQIAERgSQUFCRDlCQUMyRjBDQjgyQjUxAA==","message_status":"accepted"}]},"error":null}
[2026-02-04 19:18:32] owner_send_otp | {"phone":"+919096463943","debug_otp":"9747"}
[2026-02-04 19:20:36] csrf_invalid | {"session_id":"6rqfqti0667hk208b2ou8it2ar","posted":"a6c6452c"}
[2026-02-04 19:20:47] csrf_invalid | {"session_id":"6rqfqti0667hk208b2ou8it2ar","posted":"a6c6452c"}
[2026-02-04 19:21:36] csrf_invalid | {"session_id":"6rqfqti0667hk208b2ou8it2ar","posted":"a6c6452c"}
[2026-02-04 19:21:48] whatsapp_api_post | {"url":"https:\/\/graph.facebook.com\/v19.0\/636471032888916\/messages","http_code":200,"success":true,"response":{"messaging_product":"whatsapp","contacts":[{"input":"+919096463943","wa_id":"919096463943"}],"messages":[{"id":"wamid.HBgMOTE5MDk2NDYzOTQzFQIAERgSM0MwRDEzODBCOTYwREU3NzY4AA==","message_status":"accepted"}]},"error":null}
[2026-02-04 19:21:48] owner_send_otp | {"phone":"+919096463943","user_id":1,"provider_ok":true,"provider_resp":{"messaging_product":"whatsapp","contacts":[{"input":"+919096463943","wa_id":"919096463943"}],"messages":[{"id":"wamid.HBgMOTE5MDk2NDYzOTQzFQIAERgSM0MwRDEzODBCOTYwREU3NzY4AA==","message_status":"accepted"}]}}
[2026-02-04 19:22:18] whatsapp_api_post | {"url":"https:\/\/graph.facebook.com\/v19.0\/636471032888916\/messages","http_code":200,"success":true,"response":{"messaging_product":"whatsapp","contacts":[{"input":"+919096463943","wa_id":"919096463943"}],"messages":[{"id":"wamid.HBgMOTE5MDk2NDYzOTQzFQIAERgSRUI0N0Y0QjNCNjJBNkY2MEE2AA==","message_status":"accepted"}]},"error":null}
[2026-02-04 19:22:18] owner_send_otp | {"phone":"+919096463943","user_id":1,"provider_ok":true,"provider_resp":{"messaging_product":"whatsapp","contacts":[{"input":"+919096463943","wa_id":"919096463943"}],"messages":[{"id":"wamid.HBgMOTE5MDk2NDYzOTQzFQIAERgSRUI0N0Y0QjNCNjJBNkY2MEE2AA==","message_status":"accepted"}]}}
[2026-02-04 19:22:18] csrf_invalid | {"session_id":"6rqfqti0667hk208b2ou8it2ar","posted":"3c85ffac"}
[2026-02-04 19:22:42] csrf_invalid | {"session_id":"6rqfqti0667hk208b2ou8it2ar","posted":"895fd356"}
[2026-02-04 19:22:49] owner_login_attempt | {"session_id":"6rqfqti0667hk208b2ou8it2ar","mobile_e164":"+919096463943","has_hash":true,"expires_at":"2026-02-04T19:27:16+01:00","attempts_before":0}
[2026-02-04 19:22:49] owner_login_verify_result | {"result":"OK","attempts":1}
[2026-02-04 19:25:13] whatsapp_api_post | {"url":"https:\/\/graph.facebook.com\/v19.0\/636471032888916\/messages","http_code":200,"success":true,"response":{"messaging_product":"whatsapp","contacts":[{"input":"+919096463943","wa_id":"919096463943"}],"messages":[{"id":"wamid.HBgMOTE5MDk2NDYzOTQzFQIAERgSOTYxQTFBODM2MDk0NEI5QTRGAA==","message_status":"accepted"}]},"error":null}
[2026-02-04 19:25:13] owner_send_otp | {"phone":"+919096463943","debug_otp":"9507"}
[2026-02-04 19:25:13] csrf_invalid | {"session_id":"jh3a4ddagmn3h5trvtibhqj5v3","posted":"51a20dc7"}
[2026-02-04 19:25:27] owner_login_attempt | {"session_id":"jh3a4ddagmn3h5trvtibhqj5v3","mobile_e164":"+919096463943","has_hash":true,"expires_at":"2026-02-04T19:30:12+01:00","attempts_before":0}
[2026-02-04 19:25:27] owner_login_verify_result | {"result":"OK","attempts":1}
[2026-02-04 19:27:21] csrf_invalid | {"session_id":"4mf4otbeovmj01vn3op23lgapk","posted":"a6c6452c"}
[2026-02-04 19:30:47] whatsapp_api_post | {"url":"https:\/\/graph.facebook.com\/v19.0\/636471032888916\/messages","http_code":200,"success":true,"response":{"messaging_product":"whatsapp","contacts":[{"input":"+919096463943","wa_id":"919096463943"}],"messages":[{"id":"wamid.HBgMOTE5MDk2NDYzOTQzFQIAERgSMjgwNzkwQzkzOTlCRERBN0YxAA==","message_status":"accepted"}]},"error":null}
[2026-02-04 19:30:47] owner_send_otp | {"phone":"+919096463943","user_id":1,"provider_ok":true,"provider_resp":{"messaging_product":"whatsapp","contacts":[{"input":"+919096463943","wa_id":"919096463943"}],"messages":[{"id":"wamid.HBgMOTE5MDk2NDYzOTQzFQIAERgSMjgwNzkwQzkzOTlCRERBN0YxAA==","message_status":"accepted"}]}}
[2026-02-04 19:38:56] csrf_invalid | {"session_id":"4mf4otbeovmj01vn3op23lgapk","posted":"ba26d751"}
[2026-02-04 19:39:06] whatsapp_api_post | {"url":"https:\/\/graph.facebook.com\/v19.0\/636471032888916\/messages","http_code":200,"success":true,"response":{"messaging_product":"whatsapp","contacts":[{"input":"+919096463943","wa_id":"919096463943"}],"messages":[{"id":"wamid.HBgMOTE5MDk2NDYzOTQzFQIAERgSMUNEMEE0MjJCMjQxRjc3ODI3AA==","message_status":"accepted"}]},"error":null}
[2026-02-04 19:39:06] owner_send_otp | {"phone":"+919096463943","debug_otp":"6900"}
[2026-02-04 19:48:18] whatsapp_api_post | {"url":"https:\/\/graph.facebook.com\/v19.0\/636471032888916\/messages","http_code":200,"success":true,"response":{"messaging_product":"whatsapp","contacts":[{"input":"+919096463943","wa_id":"919096463943"}],"messages":[{"id":"wamid.HBgMOTE5MDk2NDYzOTQzFQIAERgSNjk3Nzg3M0I1OEYyRjg4NzIyAA==","message_status":"accepted"}]},"error":null}
[2026-02-04 19:48:18] owner_send_otp | {"phone":"+919096463943","user_id":1,"provider_ok":true,"provider_resp":{"messaging_product":"whatsapp","contacts":[{"input":"+919096463943","wa_id":"919096463943"}],"messages":[{"id":"wamid.HBgMOTE5MDk2NDYzOTQzFQIAERgSNjk3Nzg3M0I1OEYyRjg4NzIyAA==","message_status":"accepted"}]}}
[2026-02-04 19:48:37] owner_login_verify_result | {"result":"OK","attempts":1}
[2026-02-04 19:49:12] whatsapp_api_post | {"url":"https:\/\/graph.facebook.com\/v19.0\/636471032888916\/messages","http_code":200,"success":true,"response":{"messaging_product":"whatsapp","contacts":[{"input":"+919096463943","wa_id":"919096463943"}],"messages":[{"id":"wamid.HBgMOTE5MDk2NDYzOTQzFQIAERgSQkQ4NUI2NzY5ODVGMTExREYxAA==","message_status":"accepted"}]},"error":null}
[2026-02-04 19:49:12] owner_send_otp | {"phone":"+919096463943","user_id":1,"provider_ok":true,"provider_resp":{"messaging_product":"whatsapp","contacts":[{"input":"+919096463943","wa_id":"919096463943"}],"messages":[{"id":"wamid.HBgMOTE5MDk2NDYzOTQzFQIAERgSQkQ4NUI2NzY5ODVGMTExREYxAA==","message_status":"accepted"}]}}
[2026-02-04 19:50:06] owner_login_verify_result | {"result":"OK","attempts":1}
[2026-02-04 19:51:14] whatsapp_api_post | {"url":"https:\/\/graph.facebook.com\/v19.0\/636471032888916\/messages","http_code":200,"success":true,"response":{"messaging_product":"whatsapp","contacts":[{"input":"+919096463943","wa_id":"919096463943"}],"messages":[{"id":"wamid.HBgMOTE5MDk2NDYzOTQzFQIAERgSRUM1MEQ0NzhGQzlFMUE1MUEzAA==","message_status":"accepted"}]},"error":null}
[2026-02-04 19:51:14] owner_send_otp | {"phone":"+919096463943","user_id":1,"provider_ok":true,"provider_resp":{"messaging_product":"whatsapp","contacts":[{"input":"+919096463943","wa_id":"919096463943"}],"messages":[{"id":"wamid.HBgMOTE5MDk2NDYzOTQzFQIAERgSRUM1MEQ0NzhGQzlFMUE1MUEzAA==","message_status":"accepted"}]}}
[2026-02-04 19:51:22] owner_login_verify_result | {"result":"OK","attempts":1}
[2026-02-04 19:54:08] whatsapp_api_post | {"url":"https:\/\/graph.facebook.com\/v19.0\/636471032888916\/messages","http_code":200,"success":true,"response":{"messaging_product":"whatsapp","contacts":[{"input":"+919096463943","wa_id":"919096463943"}],"messages":[{"id":"wamid.HBgMOTE5MDk2NDYzOTQzFQIAERgSM0RGRDJFMDA4QUFGQzk3NTAzAA==","message_status":"accepted"}]},"error":null}
[2026-02-04 19:54:08] owner_send_otp | {"phone":"+919096463943","user_id":1,"provider_ok":true,"provider_resp":{"messaging_product":"whatsapp","contacts":[{"input":"+919096463943","wa_id":"919096463943"}],"messages":[{"id":"wamid.HBgMOTE5MDk2NDYzOTQzFQIAERgSM0RGRDJFMDA4QUFGQzk3NTAzAA==","message_status":"accepted"}]}}
[2026-02-04 19:54:13] owner_login_verify_result | {"result":"OK","attempts":1}
[2026-02-04 19:57:57] whatsapp_api_post | {"url":"https:\/\/graph.facebook.com\/v19.0\/636471032888916\/messages","http_code":200,"success":true,"response":{"messaging_product":"whatsapp","contacts":[{"input":"+919096463943","wa_id":"919096463943"}],"messages":[{"id":"wamid.HBgMOTE5MDk2NDYzOTQzFQIAERgSQTkwNkQ5N0JDQjczMkQxNTM4AA==","message_status":"accepted"}]},"error":null}
[2026-02-04 19:57:57] owner_send_otp | {"phone":"+919096463943","user_id":1,"provider_ok":true,"provider_resp":{"messaging_product":"whatsapp","contacts":[{"input":"+919096463943","wa_id":"919096463943"}],"messages":[{"id":"wamid.HBgMOTE5MDk2NDYzOTQzFQIAERgSQTkwNkQ5N0JDQjczMkQxNTM4AA==","message_status":"accepted"}]}}
[2026-02-04 19:58:06] owner_login_verify_result | {"result":"OK","attempts":1}
[2026-02-05 04:13:52] whatsapp_api_post | {"url":"https:\/\/graph.facebook.com\/v19.0\/636471032888916\/messages","http_code":200,"success":true,"response":{"messaging_product":"whatsapp","contacts":[{"input":"+919096463943","wa_id":"919096463943"}],"messages":[{"id":"wamid.HBgMOTE5MDk2NDYzOTQzFQIAERgSOTY0N0JDRTFBRUZGMzk5NjBCAA==","message_status":"accepted"}]},"error":null}
[2026-02-05 04:13:52] owner_send_otp | {"phone":"+919096463943","user_id":1,"provider_ok":true,"provider_resp":{"messaging_product":"whatsapp","contacts":[{"input":"+919096463943","wa_id":"919096463943"}],"messages":[{"id":"wamid.HBgMOTE5MDk2NDYzOTQzFQIAERgSOTY0N0JDRTFBRUZGMzk5NjBCAA==","message_status":"accepted"}]}}
[2026-02-05 04:14:20] owner_login_verify_result | {"result":"OK","attempts":1}
[2026-02-05 09:43:24] whatsapp_api_post | {"url":"https:\/\/graph.facebook.com\/v19.0\/636471032888916\/messages","http_code":200,"success":true,"response":{"messaging_product":"whatsapp","contacts":[{"input":"+919096463943","wa_id":"919096463943"}],"messages":[{"id":"wamid.HBgMOTE5MDk2NDYzOTQzFQIAERgSRUU4QjFFRkNCMkZCNEUzMTc3AA==","message_status":"accepted"}]},"error":null}
[2026-02-05 09:43:24] owner_send_otp | {"phone":"+919096463943","user_id":1,"provider_ok":true,"provider_resp":{"messaging_product":"whatsapp","contacts":[{"input":"+919096463943","wa_id":"919096463943"}],"messages":[{"id":"wamid.HBgMOTE5MDk2NDYzOTQzFQIAERgSRUU4QjFFRkNCMkZCNEUzMTc3AA==","message_status":"accepted"}]}}
[2026-02-05 09:43:35] owner_login_verify_result | {"result":"OK","attempts":1}
[2026-02-07 13:13:08] whatsapp_api_post | {"url":"https:\/\/graph.facebook.com\/v19.0\/636471032888916\/messages","http_code":200,"success":true,"response":{"messaging_product":"whatsapp","contacts":[{"input":"+919096463943","wa_id":"919096463943"}],"messages":[{"id":"wamid.HBgMOTE5MDk2NDYzOTQzFQIAERgSQTUxQkExRTc1QkVCNjQ4RkE5AA==","message_status":"accepted"}]},"error":null}
[2026-02-07 13:13:08] owner_send_otp | {"phone":"+919096463943","user_id":1,"provider_ok":true,"provider_resp":{"messaging_product":"whatsapp","contacts":[{"input":"+919096463943","wa_id":"919096463943"}],"messages":[{"id":"wamid.HBgMOTE5MDk2NDYzOTQzFQIAERgSQTUxQkExRTc1QkVCNjQ4RkE5AA==","message_status":"accepted"}]}}
[2026-02-07 13:13:17] owner_login_verify_result | {"result":"OK","attempts":1}
[2026-02-07 13:32:21] whatsapp_api_post | {"url":"https:\/\/graph.facebook.com\/v19.0\/636471032888916\/messages","http_code":200,"success":true,"response":{"messaging_product":"whatsapp","contacts":[{"input":"+919096463943","wa_id":"919096463943"}],"messages":[{"id":"wamid.HBgMOTE5MDk2NDYzOTQzFQIAERgSOUFFN0U0REMyMjI1RUEzRjg4AA==","message_status":"accepted"}]},"error":null}
[2026-02-07 13:32:21] owner_send_otp | {"phone":"+919096463943","user_id":1,"provider_ok":true,"provider_resp":{"messaging_product":"whatsapp","contacts":[{"input":"+919096463943","wa_id":"919096463943"}],"messages":[{"id":"wamid.HBgMOTE5MDk2NDYzOTQzFQIAERgSOUFFN0U0REMyMjI1RUEzRjg4AA==","message_status":"accepted"}]}}
[2026-02-07 13:32:30] owner_login_verify_result | {"result":"OK","attempts":1}
[2026-02-07 13:33:02] whatsapp_api_post | {"url":"https:\/\/graph.facebook.com\/v19.0\/636471032888916\/messages","http_code":200,"success":true,"response":{"messaging_product":"whatsapp","contacts":[{"input":"+919096463943","wa_id":"919096463943"}],"messages":[{"id":"wamid.HBgMOTE5MDk2NDYzOTQzFQIAERgSNEI2MjNCQzQ1Qzk0ODcwRTg3AA==","message_status":"accepted"}]},"error":null}
[2026-02-07 13:33:02] owner_send_otp | {"phone":"+919096463943","user_id":1,"provider_ok":true,"provider_resp":{"messaging_product":"whatsapp","contacts":[{"input":"+919096463943","wa_id":"919096463943"}],"messages":[{"id":"wamid.HBgMOTE5MDk2NDYzOTQzFQIAERgSNEI2MjNCQzQ1Qzk0ODcwRTg3AA==","message_status":"accepted"}]}}
[2026-02-07 13:33:12] owner_login_verify_result | {"result":"OK","attempts":1}
[2026-02-07 14:38:58] whatsapp_api_post | {"url":"https:\/\/graph.facebook.com\/v19.0\/636471032888916\/messages","http_code":200,"success":true,"response":{"messaging_product":"whatsapp","contacts":[{"input":"+919096463943","wa_id":"919096463943"}],"messages":[{"id":"wamid.HBgMOTE5MDk2NDYzOTQzFQIAERgSRjUwMzVGMjIwNjMzODEzODJFAA==","message_status":"accepted"}]},"error":null}
[2026-02-07 14:38:58] owner_send_otp | {"phone":"+919096463943","user_id":1,"provider_ok":true,"provider_resp":{"messaging_product":"whatsapp","contacts":[{"input":"+919096463943","wa_id":"919096463943"}],"messages":[{"id":"wamid.HBgMOTE5MDk2NDYzOTQzFQIAERgSRjUwMzVGMjIwNjMzODEzODJFAA==","message_status":"accepted"}]}}
[2026-02-07 14:39:06] owner_login_verify_result | {"result":"OK","attempts":1}
[2026-02-10 12:22:28] whatsapp_api_post | {"url":"https:\/\/graph.facebook.com\/v19.0\/636471032888916\/messages","http_code":200,"success":true,"response":{"messaging_product":"whatsapp","contacts":[{"input":"+919096463943","wa_id":"919096463943"}],"messages":[{"id":"wamid.HBgMOTE5MDk2NDYzOTQzFQIAERgSNzY5RTE3NkI5OTEzQjdCRjNEAA==","message_status":"accepted"}]},"error":null}
[2026-02-10 12:22:28] owner_send_otp | {"phone":"+919096463943","user_id":1,"provider_ok":true,"provider_resp":{"messaging_product":"whatsapp","contacts":[{"input":"+919096463943","wa_id":"919096463943"}],"messages":[{"id":"wamid.HBgMOTE5MDk2NDYzOTQzFQIAERgSNzY5RTE3NkI5OTEzQjdCRjNEAA==","message_status":"accepted"}]}}
[2026-02-10 12:22:35] owner_login_verify_result | {"result":"OK","attempts":1}
[2026-02-11 02:47:21] whatsapp_api_post | {"url":"https:\/\/graph.facebook.com\/v19.0\/636471032888916\/messages","http_code":200,"success":true,"response":{"messaging_product":"whatsapp","contacts":[{"input":"+919096463943","wa_id":"919096463943"}],"messages":[{"id":"wamid.HBgMOTE5MDk2NDYzOTQzFQIAERgSRjRDMEVEN0VCRjcwNDMwN0UxAA==","message_status":"accepted"}]},"error":null}
[2026-02-11 02:47:21] owner_send_otp | {"phone":"+919096463943","user_id":1,"provider_ok":true,"provider_resp":{"messaging_product":"whatsapp","contacts":[{"input":"+919096463943","wa_id":"919096463943"}],"messages":[{"id":"wamid.HBgMOTE5MDk2NDYzOTQzFQIAERgSRjRDMEVEN0VCRjcwNDMwN0UxAA==","message_status":"accepted"}]}}
[2026-02-11 02:47:40] owner_login_verify_result | {"result":"OK","attempts":1}
[2026-02-20 10:29:23] whatsapp_api_post | {"url":"https:\/\/graph.facebook.com\/v19.0\/636471032888916\/messages","http_code":200,"success":true,"response":{"messaging_product":"whatsapp","contacts":[{"input":"+919096463943","wa_id":"919096463943"}],"messages":[{"id":"wamid.HBgMOTE5MDk2NDYzOTQzFQIAERgSNjI1NENFOTAyNTk5OTk3RDgwAA==","message_status":"accepted"}]},"error":null}
[2026-02-20 10:29:23] owner_send_otp | {"phone":"+919096463943","user_id":1,"provider_ok":true,"provider_resp":{"messaging_product":"whatsapp","contacts":[{"input":"+919096463943","wa_id":"919096463943"}],"messages":[{"id":"wamid.HBgMOTE5MDk2NDYzOTQzFQIAERgSNjI1NENFOTAyNTk5OTk3RDgwAA==","message_status":"accepted"}]}}
[2026-02-20 10:29:37] owner_login_verify_result | {"result":"OK","attempts":1}
[2026-02-21 04:51:50] whatsapp_api_post | {"url":"https:\/\/graph.facebook.com\/v19.0\/636471032888916\/messages","http_code":200,"success":true,"response":{"messaging_product":"whatsapp","contacts":[{"input":"+919096463943","wa_id":"919096463943"}],"messages":[{"id":"wamid.HBgMOTE5MDk2NDYzOTQzFQIAERgSQkQzQkNFNjgwMEIyRTlDNzVGAA==","message_status":"accepted"}]},"error":null}
[2026-02-21 04:51:50] owner_send_otp | {"phone":"+919096463943","user_id":1,"provider_ok":true,"provider_resp":{"messaging_product":"whatsapp","contacts":[{"input":"+919096463943","wa_id":"919096463943"}],"messages":[{"id":"wamid.HBgMOTE5MDk2NDYzOTQzFQIAERgSQkQzQkNFNjgwMEIyRTlDNzVGAA==","message_status":"accepted"}]}}
[2026-02-21 04:52:37] owner_login_verify_result | {"result":"OK","attempts":1}
[2026-02-21 05:07:39] whatsapp_api_post | {"url":"https:\/\/graph.facebook.com\/v19.0\/636471032888916\/messages","http_code":200,"success":true,"response":{"messaging_product":"whatsapp","contacts":[{"input":"+919096463943","wa_id":"919096463943"}],"messages":[{"id":"wamid.HBgMOTE5MDk2NDYzOTQzFQIAERgSNDAwMjYwNDg2MUVGNUE2RDFBAA==","message_status":"accepted"}]},"error":null}
[2026-02-21 05:07:39] owner_send_otp | {"phone":"+919096463943","user_id":1,"provider_ok":true,"provider_resp":{"messaging_product":"whatsapp","contacts":[{"input":"+919096463943","wa_id":"919096463943"}],"messages":[{"id":"wamid.HBgMOTE5MDk2NDYzOTQzFQIAERgSNDAwMjYwNDg2MUVGNUE2RDFBAA==","message_status":"accepted"}]}}
[2026-02-21 05:07:55] owner_login_verify_result | {"result":"OK","attempts":1}
[2026-02-21 05:51:40] whatsapp_api_post | {"url":"https:\/\/graph.facebook.com\/v19.0\/636471032888916\/messages","http_code":200,"success":true,"response":{"messaging_product":"whatsapp","contacts":[{"input":"+919096463943","wa_id":"919096463943"}],"messages":[{"id":"wamid.HBgMOTE5MDk2NDYzOTQzFQIAERgSQUFGNEM2QTg4N0I0MUFDQ0I4AA==","message_status":"accepted"}]},"error":null}
[2026-02-21 05:51:40] owner_send_otp | {"phone":"+919096463943","user_id":1,"provider_ok":true,"provider_resp":{"messaging_product":"whatsapp","contacts":[{"input":"+919096463943","wa_id":"919096463943"}],"messages":[{"id":"wamid.HBgMOTE5MDk2NDYzOTQzFQIAERgSQUFGNEM2QTg4N0I0MUFDQ0I4AA==","message_status":"accepted"}]}}
[2026-02-21 05:51:55] owner_login_verify_result | {"result":"OK","attempts":1}
[2026-02-21 07:25:53] whatsapp_api_post | {"url":"https:\/\/graph.facebook.com\/v19.0\/636471032888916\/messages","http_code":200,"success":true,"response":{"messaging_product":"whatsapp","contacts":[{"input":"+919096463943","wa_id":"919096463943"}],"messages":[{"id":"wamid.HBgMOTE5MDk2NDYzOTQzFQIAERgSOEVEN0EyQTMxRUVGOTIzMDc3AA==","message_status":"accepted"}]},"error":null}
[2026-02-21 07:25:53] owner_send_otp | {"phone":"+919096463943","user_id":1,"provider_ok":true,"provider_resp":{"messaging_product":"whatsapp","contacts":[{"input":"+919096463943","wa_id":"919096463943"}],"messages":[{"id":"wamid.HBgMOTE5MDk2NDYzOTQzFQIAERgSOEVEN0EyQTMxRUVGOTIzMDc3AA==","message_status":"accepted"}]}}
[2026-02-21 07:25:57] owner_login_verify_result | {"result":"OK","attempts":1}
[2026-02-21 21:01:23] whatsapp_api_post | {"url":"https:\/\/graph.facebook.com\/v19.0\/636471032888916\/messages","http_code":200,"success":true,"response":{"messaging_product":"whatsapp","contacts":[{"input":"+919096463943","wa_id":"919096463943"}],"messages":[{"id":"wamid.HBgMOTE5MDk2NDYzOTQzFQIAERgSRDZEQjkwNDg4MTAwQTI5M0IxAA==","message_status":"accepted"}]},"error":null}
[2026-02-21 21:01:23] owner_send_otp | {"phone":"+919096463943","user_id":1,"provider_ok":true,"provider_resp":{"messaging_product":"whatsapp","contacts":[{"input":"+919096463943","wa_id":"919096463943"}],"messages":[{"id":"wamid.HBgMOTE5MDk2NDYzOTQzFQIAERgSRDZEQjkwNDg4MTAwQTI5M0IxAA==","message_status":"accepted"}]}}
[2026-02-21 21:01:30] owner_login_verify_result | {"result":"OK","attempts":1}
[2026-02-21 21:23:59] whatsapp_api_post | {"url":"https:\/\/graph.facebook.com\/v19.0\/636471032888916\/messages","http_code":200,"success":true,"response":{"messaging_product":"whatsapp","contacts":[{"input":"+919096463943","wa_id":"919096463943"}],"messages":[{"id":"wamid.HBgMOTE5MDk2NDYzOTQzFQIAERgSNURFRTg0OEU4MzlGQzMwODY0AA==","message_status":"accepted"}]},"error":null}
[2026-02-21 21:23:59] owner_send_otp | {"phone":"+919096463943","user_id":1,"provider_ok":true,"provider_resp":{"messaging_product":"whatsapp","contacts":[{"input":"+919096463943","wa_id":"919096463943"}],"messages":[{"id":"wamid.HBgMOTE5MDk2NDYzOTQzFQIAERgSNURFRTg0OEU4MzlGQzMwODY0AA==","message_status":"accepted"}]}}
[2026-02-21 21:24:08] owner_login_verify_result | {"result":"OK","attempts":1}
[2026-02-22 04:09:03] whatsapp_api_post | {"url":"https:\/\/graph.facebook.com\/v19.0\/636471032888916\/messages","http_code":200,"success":true,"response":{"messaging_product":"whatsapp","contacts":[{"input":"+919096463943","wa_id":"919096463943"}],"messages":[{"id":"wamid.HBgMOTE5MDk2NDYzOTQzFQIAERgSQUE5MDg2NjI4MkQ5REEwRjk0AA==","message_status":"accepted"}]},"error":null}
[2026-02-22 04:09:03] owner_send_otp | {"phone":"+919096463943","user_id":1,"provider_ok":true,"provider_resp":{"messaging_product":"whatsapp","contacts":[{"input":"+919096463943","wa_id":"919096463943"}],"messages":[{"id":"wamid.HBgMOTE5MDk2NDYzOTQzFQIAERgSQUE5MDg2NjI4MkQ5REEwRjk0AA==","message_status":"accepted"}]}}
[2026-02-22 04:09:15] owner_login_verify_result | {"result":"OK","attempts":1}
[2026-02-22 04:12:21] whatsapp_api_post | {"url":"https:\/\/graph.facebook.com\/v19.0\/636471032888916\/messages","http_code":200,"success":true,"response":{"messaging_product":"whatsapp","contacts":[{"input":"+919096463943","wa_id":"919096463943"}],"messages":[{"id":"wamid.HBgMOTE5MDk2NDYzOTQzFQIAERgSRkE4RkJBRkVCNjJFNjg5NjY4AA==","message_status":"accepted"}]},"error":null}
[2026-02-22 04:12:21] reception_send_otp | {"phone":"+919096463943","user_id":1000,"provider_ok":true,"provider_resp":{"messaging_product":"whatsapp","contacts":[{"input":"+919096463943","wa_id":"919096463943"}],"messages":[{"id":"wamid.HBgMOTE5MDk2NDYzOTQzFQIAERgSRkE4RkJBRkVCNjJFNjg5NjY4AA==","message_status":"accepted"}]}}
[2026-02-22 04:12:30] reception_login_verify_result | {"result":"OK","attempts":1}
[2026-02-22 04:13:14] whatsapp_api_post | {"url":"https:\/\/graph.facebook.com\/v19.0\/636471032888916\/messages","http_code":200,"success":true,"response":{"messaging_product":"whatsapp","contacts":[{"input":"+919096463943","wa_id":"919096463943"}],"messages":[{"id":"wamid.HBgMOTE5MDk2NDYzOTQzFQIAERgSM0M5MTlFQUM2QzhFMzJDOTE1AA==","message_status":"accepted"}]},"error":null}
[2026-02-22 04:13:14] reception_send_otp | {"phone":"+919096463943","user_id":1000,"provider_ok":true,"provider_resp":{"messaging_product":"whatsapp","contacts":[{"input":"+919096463943","wa_id":"919096463943"}],"messages":[{"id":"wamid.HBgMOTE5MDk2NDYzOTQzFQIAERgSM0M5MTlFQUM2QzhFMzJDOTE1AA==","message_status":"accepted"}]}}
[2026-02-22 04:13:24] reception_login_verify_result | {"result":"OK","attempts":1}
[2026-02-22 04:34:51] whatsapp_api_post | {"url":"https:\/\/graph.facebook.com\/v19.0\/636471032888916\/messages","http_code":200,"success":true,"response":{"messaging_product":"whatsapp","contacts":[{"input":"+919096463943","wa_id":"919096463943"}],"messages":[{"id":"wamid.HBgMOTE5MDk2NDYzOTQzFQIAERgSNzBBNTE0MENGQUQ2MkZGQzBDAA==","message_status":"accepted"}]},"error":null}
[2026-02-22 04:34:51] reception_send_otp | {"phone":"+919096463943","user_id":1000,"provider_ok":true,"provider_resp":{"messaging_product":"whatsapp","contacts":[{"input":"+919096463943","wa_id":"919096463943"}],"messages":[{"id":"wamid.HBgMOTE5MDk2NDYzOTQzFQIAERgSNzBBNTE0MENGQUQ2MkZGQzBDAA==","message_status":"accepted"}]}}
[2026-02-22 04:35:01] reception_login_verify_result | {"result":"OK","attempts":1}
[2026-02-22 04:51:45] whatsapp_api_post | {"url":"https:\/\/graph.facebook.com\/v19.0\/636471032888916\/messages","http_code":200,"success":true,"response":{"messaging_product":"whatsapp","contacts":[{"input":"+919096463943","wa_id":"919096463943"}],"messages":[{"id":"wamid.HBgMOTE5MDk2NDYzOTQzFQIAERgSNzk5QTYxOTA5M0E4MDg0OTBCAA==","message_status":"accepted"}]},"error":null}
[2026-02-22 04:51:45] reception_send_otp | {"phone":"+919096463943","user_id":1000,"provider_ok":true,"provider_resp":{"messaging_product":"whatsapp","contacts":[{"input":"+919096463943","wa_id":"919096463943"}],"messages":[{"id":"wamid.HBgMOTE5MDk2NDYzOTQzFQIAERgSNzk5QTYxOTA5M0E4MDg0OTBCAA==","message_status":"accepted"}]}}
[2026-02-22 04:51:56] reception_login_verify_result | {"result":"OK","attempts":1}
[2026-02-22 06:47:40] whatsapp_api_post | {"url":"https:\/\/graph.facebook.com\/v19.0\/636471032888916\/messages","http_code":200,"success":true,"response":{"messaging_product":"whatsapp","contacts":[{"input":"+919096463943","wa_id":"919096463943"}],"messages":[{"id":"wamid.HBgMOTE5MDk2NDYzOTQzFQIAERgSNDlGODFCMURDMENBNDU2RjMyAA==","message_status":"accepted"}]},"error":null}
[2026-02-22 06:47:40] reception_send_otp | {"phone":"+919096463943","user_id":1000,"provider_ok":true,"provider_resp":{"messaging_product":"whatsapp","contacts":[{"input":"+919096463943","wa_id":"919096463943"}],"messages":[{"id":"wamid.HBgMOTE5MDk2NDYzOTQzFQIAERgSNDlGODFCMURDMENBNDU2RjMyAA==","message_status":"accepted"}]}}
[2026-02-22 06:47:50] reception_login_verify_result | {"result":"OK","attempts":1}
[2026-02-22 06:48:02] whatsapp_api_post | {"url":"https:\/\/graph.facebook.com\/v19.0\/636471032888916\/messages","http_code":200,"success":true,"response":{"messaging_product":"whatsapp","contacts":[{"input":"+919096463943","wa_id":"919096463943"}],"messages":[{"id":"wamid.HBgMOTE5MDk2NDYzOTQzFQIAERgSMjY5OTgyQUYxRjFEMUZBMDhFAA==","message_status":"accepted"}]},"error":null}
[2026-02-22 06:48:02] reception_send_otp | {"phone":"+919096463943","user_id":1000,"provider_ok":true,"provider_resp":{"messaging_product":"whatsapp","contacts":[{"input":"+919096463943","wa_id":"919096463943"}],"messages":[{"id":"wamid.HBgMOTE5MDk2NDYzOTQzFQIAERgSMjY5OTgyQUYxRjFEMUZBMDhFAA==","message_status":"accepted"}]}}
[2026-02-22 06:48:07] reception_login_verify_result | {"result":"OK","attempts":1}
[2026-02-22 06:57:51] whatsapp_api_post | {"url":"https:\/\/graph.facebook.com\/v19.0\/636471032888916\/messages","http_code":200,"success":true,"response":{"messaging_product":"whatsapp","contacts":[{"input":"+919096463943","wa_id":"919096463943"}],"messages":[{"id":"wamid.HBgMOTE5MDk2NDYzOTQzFQIAERgSRDAyNDU0RTJEM0E2RTFDQzg5AA==","message_status":"accepted"}]},"error":null}
[2026-02-22 06:57:51] reception_send_otp | {"phone":"+919096463943","user_id":1000,"provider_ok":true,"provider_resp":{"messaging_product":"whatsapp","contacts":[{"input":"+919096463943","wa_id":"919096463943"}],"messages":[{"id":"wamid.HBgMOTE5MDk2NDYzOTQzFQIAERgSRDAyNDU0RTJEM0E2RTFDQzg5AA==","message_status":"accepted"}]}}
[2026-02-22 06:58:03] reception_login_verify_result | {"result":"OK","attempts":1}
[2026-02-22 06:58:28] whatsapp_api_post | {"url":"https:\/\/graph.facebook.com\/v19.0\/636471032888916\/messages","http_code":200,"success":true,"response":{"messaging_product":"whatsapp","contacts":[{"input":"+919096463943","wa_id":"919096463943"}],"messages":[{"id":"wamid.HBgMOTE5MDk2NDYzOTQzFQIAERgSNkVGMEQ2Q0RCNDZCODM5QkJBAA==","message_status":"accepted"}]},"error":null}
[2026-02-22 06:58:28] reception_send_otp | {"phone":"+919096463943","user_id":1000,"provider_ok":true,"provider_resp":{"messaging_product":"whatsapp","contacts":[{"input":"+919096463943","wa_id":"919096463943"}],"messages":[{"id":"wamid.HBgMOTE5MDk2NDYzOTQzFQIAERgSNkVGMEQ2Q0RCNDZCODM5QkJBAA==","message_status":"accepted"}]}}
[2026-02-22 07:00:57] reception_login_verify_result | {"result":"OK","attempts":1}
[2026-02-22 07:03:59] whatsapp_api_post | {"url":"https:\/\/graph.facebook.com\/v19.0\/636471032888916\/messages","http_code":200,"success":true,"response":{"messaging_product":"whatsapp","contacts":[{"input":"+919096463943","wa_id":"919096463943"}],"messages":[{"id":"wamid.HBgMOTE5MDk2NDYzOTQzFQIAERgSOTYxNzg3QzEwQzMxNjI5MDFFAA==","message_status":"accepted"}]},"error":null}
[2026-02-22 07:03:59] reception_send_otp | {"phone":"+919096463943","user_id":1000,"provider_ok":true,"provider_resp":{"messaging_product":"whatsapp","contacts":[{"input":"+919096463943","wa_id":"919096463943"}],"messages":[{"id":"wamid.HBgMOTE5MDk2NDYzOTQzFQIAERgSOTYxNzg3QzEwQzMxNjI5MDFFAA==","message_status":"accepted"}]}}
[2026-02-22 07:04:07] reception_login_verify_result | {"result":"OK","attempts":1}
[2026-02-22 07:11:02] whatsapp_api_post | {"url":"https:\/\/graph.facebook.com\/v19.0\/636471032888916\/messages","http_code":200,"success":true,"response":{"messaging_product":"whatsapp","contacts":[{"input":"+919096463943","wa_id":"919096463943"}],"messages":[{"id":"wamid.HBgMOTE5MDk2NDYzOTQzFQIAERgSOThFQjEyOEM4NDg1QTlEQjJBAA==","message_status":"accepted"}]},"error":null}
[2026-02-22 07:11:02] owner_send_otp | {"phone":"+919096463943","user_id":1,"provider_ok":true,"provider_resp":{"messaging_product":"whatsapp","contacts":[{"input":"+919096463943","wa_id":"919096463943"}],"messages":[{"id":"wamid.HBgMOTE5MDk2NDYzOTQzFQIAERgSOThFQjEyOEM4NDg1QTlEQjJBAA==","message_status":"accepted"}]}}
[2026-02-22 07:11:11] owner_login_verify_result | {"result":"OK","attempts":1}
[2026-02-22 07:12:24] whatsapp_api_post | {"url":"https:\/\/graph.facebook.com\/v19.0\/636471032888916\/messages","http_code":200,"success":true,"response":{"messaging_product":"whatsapp","contacts":[{"input":"+919096463943","wa_id":"919096463943"}],"messages":[{"id":"wamid.HBgMOTE5MDk2NDYzOTQzFQIAERgSMjAwQkIyMDE3MzJEMTg2RDNGAA==","message_status":"accepted"}]},"error":null}
[2026-02-22 07:12:24] reception_send_otp | {"phone":"+919096463943","user_id":1000,"provider_ok":true,"provider_resp":{"messaging_product":"whatsapp","contacts":[{"input":"+919096463943","wa_id":"919096463943"}],"messages":[{"id":"wamid.HBgMOTE5MDk2NDYzOTQzFQIAERgSMjAwQkIyMDE3MzJEMTg2RDNGAA==","message_status":"accepted"}]}}
[2026-02-22 07:12:35] reception_login_verify_result | {"result":"OK","attempts":1}
[2026-02-22 07:13:38] whatsapp_api_post | {"url":"https:\/\/graph.facebook.com\/v19.0\/636471032888916\/messages","http_code":200,"success":true,"response":{"messaging_product":"whatsapp","contacts":[{"input":"+919096463943","wa_id":"919096463943"}],"messages":[{"id":"wamid.HBgMOTE5MDk2NDYzOTQzFQIAERgSOTY2RDVCRDdEMDVERjc4RTg4AA==","message_status":"accepted"}]},"error":null}
[2026-02-22 07:13:38] reception_send_otp | {"phone":"+919096463943","user_id":1000,"provider_ok":true,"provider_resp":{"messaging_product":"whatsapp","contacts":[{"input":"+919096463943","wa_id":"919096463943"}],"messages":[{"id":"wamid.HBgMOTE5MDk2NDYzOTQzFQIAERgSOTY2RDVCRDdEMDVERjc4RTg4AA==","message_status":"accepted"}]}}
[2026-02-22 07:13:51] reception_login_verify_result | {"result":"OK","attempts":1}
[2026-02-22 07:14:32] whatsapp_api_post | {"url":"https:\/\/graph.facebook.com\/v19.0\/636471032888916\/messages","http_code":200,"success":true,"response":{"messaging_product":"whatsapp","contacts":[{"input":"+919096463943","wa_id":"919096463943"}],"messages":[{"id":"wamid.HBgMOTE5MDk2NDYzOTQzFQIAERgSQjkxQzdCQkI4QzlDN0Y3NzExAA==","message_status":"accepted"}]},"error":null}
[2026-02-22 07:14:32] owner_send_otp | {"phone":"+919096463943","user_id":1,"provider_ok":true,"provider_resp":{"messaging_product":"whatsapp","contacts":[{"input":"+919096463943","wa_id":"919096463943"}],"messages":[{"id":"wamid.HBgMOTE5MDk2NDYzOTQzFQIAERgSQjkxQzdCQkI4QzlDN0Y3NzExAA==","message_status":"accepted"}]}}
[2026-02-22 07:14:37] owner_login_verify_result | {"result":"OK","attempts":1}
[2026-02-22 07:20:43] whatsapp_api_post | {"url":"https:\/\/graph.facebook.com\/v19.0\/636471032888916\/messages","http_code":200,"success":true,"response":{"messaging_product":"whatsapp","contacts":[{"input":"+919096463943","wa_id":"919096463943"}],"messages":[{"id":"wamid.HBgMOTE5MDk2NDYzOTQzFQIAERgSQjlEM0RENkNFODhDQzRGQ0IxAA==","message_status":"accepted"}]},"error":null}
[2026-02-22 07:20:43] owner_send_otp | {"phone":"+919096463943","user_id":1,"provider_ok":true,"provider_resp":{"messaging_product":"whatsapp","contacts":[{"input":"+919096463943","wa_id":"919096463943"}],"messages":[{"id":"wamid.HBgMOTE5MDk2NDYzOTQzFQIAERgSQjlEM0RENkNFODhDQzRGQ0IxAA==","message_status":"accepted"}]}}
[2026-02-22 07:20:53] owner_login_verify_result | {"result":"OK","attempts":1}
[2026-02-22 07:21:19] whatsapp_api_post | {"url":"https:\/\/graph.facebook.com\/v19.0\/636471032888916\/messages","http_code":200,"success":true,"response":{"messaging_product":"whatsapp","contacts":[{"input":"+919096463943","wa_id":"919096463943"}],"messages":[{"id":"wamid.HBgMOTE5MDk2NDYzOTQzFQIAERgSRDhFRDkyQzlCQkE0Q0VCQjYxAA==","message_status":"accepted"}]},"error":null}
[2026-02-22 07:21:19] reception_send_otp | {"phone":"+919096463943","user_id":1000,"provider_ok":true,"provider_resp":{"messaging_product":"whatsapp","contacts":[{"input":"+919096463943","wa_id":"919096463943"}],"messages":[{"id":"wamid.HBgMOTE5MDk2NDYzOTQzFQIAERgSRDhFRDkyQzlCQkE0Q0VCQjYxAA==","message_status":"accepted"}]}}
[2026-02-22 07:21:26] reception_login_verify_result | {"result":"OK","attempts":1}
[2026-02-22 08:13:40] whatsapp_api_post | {"url":"https:\/\/graph.facebook.com\/v19.0\/636471032888916\/messages","http_code":200,"success":true,"response":{"messaging_product":"whatsapp","contacts":[{"input":"+919096463943","wa_id":"919096463943"}],"messages":[{"id":"wamid.HBgMOTE5MDk2NDYzOTQzFQIAERgSOEIyNjIzOTM1ODY0MkJCQzBGAA==","message_status":"accepted"}]},"error":null}
[2026-02-22 08:13:40] owner_send_otp | {"phone":"+919096463943","user_id":1,"provider_ok":true,"provider_resp":{"messaging_product":"whatsapp","contacts":[{"input":"+919096463943","wa_id":"919096463943"}],"messages":[{"id":"wamid.HBgMOTE5MDk2NDYzOTQzFQIAERgSOEIyNjIzOTM1ODY0MkJCQzBGAA==","message_status":"accepted"}]}}
[2026-02-22 08:13:51] owner_login_verify_result | {"result":"OK","attempts":1}
[2026-02-22 08:14:37] whatsapp_api_post | {"url":"https:\/\/graph.facebook.com\/v19.0\/636471032888916\/messages","http_code":200,"success":true,"response":{"messaging_product":"whatsapp","contacts":[{"input":"+919096463943","wa_id":"919096463943"}],"messages":[{"id":"wamid.HBgMOTE5MDk2NDYzOTQzFQIAERgSODQ3OEE5MTgwRDRFQUNEMTBDAA==","message_status":"accepted"}]},"error":null}
[2026-02-22 08:14:37] accounts_send_otp | {"phone":"+919096463943","user_id":1,"provider_ok":true,"provider_resp":{"messaging_product":"whatsapp","contacts":[{"input":"+919096463943","wa_id":"919096463943"}],"messages":[{"id":"wamid.HBgMOTE5MDk2NDYzOTQzFQIAERgSODQ3OEE5MTgwRDRFQUNEMTBDAA==","message_status":"accepted"}]}}
[2026-02-22 08:14:47] accounts_login_verify_result | {"result":"OK","attempts":1}
[2026-02-22 08:15:18] whatsapp_api_post | {"url":"https:\/\/graph.facebook.com\/v19.0\/636471032888916\/messages","http_code":200,"success":true,"response":{"messaging_product":"whatsapp","contacts":[{"input":"+919096463943","wa_id":"919096463943"}],"messages":[{"id":"wamid.HBgMOTE5MDk2NDYzOTQzFQIAERgSNTE5OTY0OEI2RDVEODExOUM5AA==","message_status":"accepted"}]},"error":null}
[2026-02-22 08:15:18] reception_send_otp | {"phone":"+919096463943","user_id":1000,"provider_ok":true,"provider_resp":{"messaging_product":"whatsapp","contacts":[{"input":"+919096463943","wa_id":"919096463943"}],"messages":[{"id":"wamid.HBgMOTE5MDk2NDYzOTQzFQIAERgSNTE5OTY0OEI2RDVEODExOUM5AA==","message_status":"accepted"}]}}
[2026-02-22 08:16:35] whatsapp_api_post | {"url":"https:\/\/graph.facebook.com\/v19.0\/636471032888916\/messages","http_code":200,"success":true,"response":{"messaging_product":"whatsapp","contacts":[{"input":"+919096463943","wa_id":"919096463943"}],"messages":[{"id":"wamid.HBgMOTE5MDk2NDYzOTQzFQIAERgSOUYwOEM5REZEQ0E1NDFFNUE2AA==","message_status":"accepted"}]},"error":null}
[2026-02-22 08:16:35] accounts_send_otp | {"phone":"+919096463943","user_id":1,"provider_ok":true,"provider_resp":{"messaging_product":"whatsapp","contacts":[{"input":"+919096463943","wa_id":"919096463943"}],"messages":[{"id":"wamid.HBgMOTE5MDk2NDYzOTQzFQIAERgSOUYwOEM5REZEQ0E1NDFFNUE2AA==","message_status":"accepted"}]}}
[2026-02-22 08:16:56] whatsapp_api_post | {"url":"https:\/\/graph.facebook.com\/v19.0\/636471032888916\/messages","http_code":200,"success":true,"response":{"messaging_product":"whatsapp","contacts":[{"input":"+918446881383","wa_id":"918446881383"}],"messages":[{"id":"wamid.HBgMOTE4NDQ2ODgxMzgzFQIAERgSNjM2NTgxRDAyN0Y3RTk4Mzc5AA==","message_status":"accepted"}]},"error":null}
[2026-02-22 08:16:56] accounts_send_otp | {"phone":"+918446881383","user_id":100,"provider_ok":true,"provider_resp":{"messaging_product":"whatsapp","contacts":[{"input":"+918446881383","wa_id":"918446881383"}],"messages":[{"id":"wamid.HBgMOTE4NDQ2ODgxMzgzFQIAERgSNjM2NTgxRDAyN0Y3RTk4Mzc5AA==","message_status":"accepted"}]}}
[2026-02-22 08:18:04] whatsapp_api_post | {"url":"https:\/\/graph.facebook.com\/v19.0\/636471032888916\/messages","http_code":200,"success":true,"response":{"messaging_product":"whatsapp","contacts":[{"input":"+919096463943","wa_id":"919096463943"}],"messages":[{"id":"wamid.HBgMOTE5MDk2NDYzOTQzFQIAERgSNDFFM0E4RThCQzI5RDU4NDg1AA==","message_status":"accepted"}]},"error":null}
[2026-02-22 08:18:04] accounts_send_otp | {"phone":"+919096463943","user_id":1,"provider_ok":true,"provider_resp":{"messaging_product":"whatsapp","contacts":[{"input":"+919096463943","wa_id":"919096463943"}],"messages":[{"id":"wamid.HBgMOTE5MDk2NDYzOTQzFQIAERgSNDFFM0E4RThCQzI5RDU4NDg1AA==","message_status":"accepted"}]}}
[2026-02-22 08:18:11] accounts_login_verify_result | {"result":"OK","attempts":1}
[2026-02-22 08:18:31] whatsapp_api_post | {"url":"https:\/\/graph.facebook.com\/v19.0\/636471032888916\/messages","http_code":200,"success":true,"response":{"messaging_product":"whatsapp","contacts":[{"input":"+919096463943","wa_id":"919096463943"}],"messages":[{"id":"wamid.HBgMOTE5MDk2NDYzOTQzFQIAERgSNjg5RjMyREFDOUVDNUVGODMyAA==","message_status":"accepted"}]},"error":null}
[2026-02-22 08:18:31] reception_send_otp | {"phone":"+919096463943","user_id":1000,"provider_ok":true,"provider_resp":{"messaging_product":"whatsapp","contacts":[{"input":"+919096463943","wa_id":"919096463943"}],"messages":[{"id":"wamid.HBgMOTE5MDk2NDYzOTQzFQIAERgSNjg5RjMyREFDOUVDNUVGODMyAA==","message_status":"accepted"}]}}
[2026-02-22 08:18:38] reception_login_verify_result | {"result":"OK","attempts":1}
[2026-02-22 08:27:17] whatsapp_api_post | {"url":"https:\/\/graph.facebook.com\/v19.0\/636471032888916\/messages","http_code":200,"success":true,"response":{"messaging_product":"whatsapp","contacts":[{"input":"+919096463943","wa_id":"919096463943"}],"messages":[{"id":"wamid.HBgMOTE5MDk2NDYzOTQzFQIAERgSQjZFM0NCNDNCREVCN0Q2Nzk1AA==","message_status":"accepted"}]},"error":null}
[2026-02-22 08:27:17] accounts_send_otp | {"phone":"+919096463943","user_id":1,"provider_ok":true,"provider_resp":{"messaging_product":"whatsapp","contacts":[{"input":"+919096463943","wa_id":"919096463943"}],"messages":[{"id":"wamid.HBgMOTE5MDk2NDYzOTQzFQIAERgSQjZFM0NCNDNCREVCN0Q2Nzk1AA==","message_status":"accepted"}]}}
[2026-02-22 08:27:23] accounts_login_verify_result | {"result":"OK","attempts":1}
[2026-02-22 08:34:01] whatsapp_api_post | {"url":"https:\/\/graph.facebook.com\/v19.0\/636471032888916\/messages","http_code":200,"success":true,"response":{"messaging_product":"whatsapp","contacts":[{"input":"+919096463943","wa_id":"919096463943"}],"messages":[{"id":"wamid.HBgMOTE5MDk2NDYzOTQzFQIAERgSQTA0OTM3OTVDRTUxRTJGNkREAA==","message_status":"accepted"}]},"error":null}
[2026-02-22 08:34:01] accounts_send_otp | {"phone":"+919096463943","user_id":1,"provider_ok":true,"provider_resp":{"messaging_product":"whatsapp","contacts":[{"input":"+919096463943","wa_id":"919096463943"}],"messages":[{"id":"wamid.HBgMOTE5MDk2NDYzOTQzFQIAERgSQTA0OTM3OTVDRTUxRTJGNkREAA==","message_status":"accepted"}]}}
[2026-02-22 08:34:12] accounts_login_verify_result | {"result":"OK","attempts":1}
[2026-02-22 08:38:23] whatsapp_api_post | {"url":"https:\/\/graph.facebook.com\/v19.0\/636471032888916\/messages","http_code":200,"success":true,"response":{"messaging_product":"whatsapp","contacts":[{"input":"+919096463943","wa_id":"919096463943"}],"messages":[{"id":"wamid.HBgMOTE5MDk2NDYzOTQzFQIAERgSRjZGNjAxRDAxMTc4NDlDRTJEAA==","message_status":"accepted"}]},"error":null}
[2026-02-22 08:38:23] accounts_send_otp | {"phone":"+919096463943","user_id":1,"provider_ok":true,"provider_resp":{"messaging_product":"whatsapp","contacts":[{"input":"+919096463943","wa_id":"919096463943"}],"messages":[{"id":"wamid.HBgMOTE5MDk2NDYzOTQzFQIAERgSRjZGNjAxRDAxMTc4NDlDRTJEAA==","message_status":"accepted"}]}}
[2026-02-22 08:38:32] accounts_login_verify_result | {"result":"OK","attempts":1}
[2026-02-22 08:40:18] whatsapp_api_post | {"url":"https:\/\/graph.facebook.com\/v19.0\/636471032888916\/messages","http_code":200,"success":true,"response":{"messaging_product":"whatsapp","contacts":[{"input":"+919096463943","wa_id":"919096463943"}],"messages":[{"id":"wamid.HBgMOTE5MDk2NDYzOTQzFQIAERgSQjIwMjUxNEVGQzVDNUFBMjdGAA==","message_status":"accepted"}]},"error":null}
[2026-02-22 08:40:18] accounts_send_otp | {"phone":"+919096463943","user_id":1003,"provider_ok":true,"provider_resp":{"messaging_product":"whatsapp","contacts":[{"input":"+919096463943","wa_id":"919096463943"}],"messages":[{"id":"wamid.HBgMOTE5MDk2NDYzOTQzFQIAERgSQjIwMjUxNEVGQzVDNUFBMjdGAA==","message_status":"accepted"}]}}
[2026-02-22 08:40:26] accounts_login_verify_result | {"result":"OK","attempts":1}
[2026-02-22 08:40:50] whatsapp_api_post | {"url":"https:\/\/graph.facebook.com\/v19.0\/636471032888916\/messages","http_code":200,"success":true,"response":{"messaging_product":"whatsapp","contacts":[{"input":"+919096463943","wa_id":"919096463943"}],"messages":[{"id":"wamid.HBgMOTE5MDk2NDYzOTQzFQIAERgSRkZDOEVCQjZBNzU5QTY5MEJGAA==","message_status":"accepted"}]},"error":null}
[2026-02-22 08:40:50] reception_send_otp | {"phone":"+919096463943","user_id":1000,"provider_ok":true,"provider_resp":{"messaging_product":"whatsapp","contacts":[{"input":"+919096463943","wa_id":"919096463943"}],"messages":[{"id":"wamid.HBgMOTE5MDk2NDYzOTQzFQIAERgSRkZDOEVCQjZBNzU5QTY5MEJGAA==","message_status":"accepted"}]}}
[2026-02-22 08:40:55] reception_login_verify_result | {"result":"OK","attempts":1}
[2026-02-22 15:33:41] whatsapp_api_post | {"url":"https:\/\/graph.facebook.com\/v19.0\/636471032888916\/messages","http_code":200,"success":true,"response":{"messaging_product":"whatsapp","contacts":[{"input":"+919096463943","wa_id":"919096463943"}],"messages":[{"id":"wamid.HBgMOTE5MDk2NDYzOTQzFQIAERgSMzZDNENBMDY0NTk4Nzc0RjNFAA==","message_status":"accepted"}]},"error":null}
[2026-02-22 15:33:41] accounts_send_otp | {"phone":"+919096463943","user_id":1003,"provider_ok":true,"provider_resp":{"messaging_product":"whatsapp","contacts":[{"input":"+919096463943","wa_id":"919096463943"}],"messages":[{"id":"wamid.HBgMOTE5MDk2NDYzOTQzFQIAERgSMzZDNENBMDY0NTk4Nzc0RjNFAA==","message_status":"accepted"}]}}
[2026-02-22 15:33:51] accounts_login_verify_result | {"result":"OK","attempts":1}
[2026-02-22 16:34:43] whatsapp_api_post | {"url":"https:\/\/graph.facebook.com\/v19.0\/636471032888916\/messages","http_code":200,"success":true,"response":{"messaging_product":"whatsapp","contacts":[{"input":"+919096463943","wa_id":"919096463943"}],"messages":[{"id":"wamid.HBgMOTE5MDk2NDYzOTQzFQIAERgSQzQzMUY1QzdCN0RBRjZCNkQzAA==","message_status":"accepted"}]},"error":null}
[2026-02-22 16:34:43] owner_send_otp | {"phone":"+919096463943","user_id":1,"provider_ok":true,"provider_resp":{"messaging_product":"whatsapp","contacts":[{"input":"+919096463943","wa_id":"919096463943"}],"messages":[{"id":"wamid.HBgMOTE5MDk2NDYzOTQzFQIAERgSQzQzMUY1QzdCN0RBRjZCNkQzAA==","message_status":"accepted"}]}}
[2026-02-22 16:35:05] owner_login_verify_result | {"result":"OK","attempts":1}
[2026-02-22 16:46:23] whatsapp_api_post | {"url":"https:\/\/graph.facebook.com\/v19.0\/636471032888916\/messages","http_code":200,"success":true,"response":{"messaging_product":"whatsapp","contacts":[{"input":"+919096463943","wa_id":"919096463943"}],"messages":[{"id":"wamid.HBgMOTE5MDk2NDYzOTQzFQIAERgSNzQ0NEU4Qzc5ODJFRTBFQTdCAA==","message_status":"accepted"}]},"error":null}
[2026-02-22 16:48:07] whatsapp_api_post | {"url":"https:\/\/graph.facebook.com\/v19.0\/636471032888916\/messages","http_code":200,"success":true,"response":{"messaging_product":"whatsapp","contacts":[{"input":"+919096463943","wa_id":"919096463943"}],"messages":[{"id":"wamid.HBgMOTE5MDk2NDYzOTQzFQIAERgSOUZCMzYwQ0IzMjdFRDIwQzVGAA==","message_status":"accepted"}]},"error":null}
[2026-02-22 17:01:21] whatsapp_api_post | {"url":"https:\/\/graph.facebook.com\/v19.0\/636471032888916\/messages","http_code":200,"success":true,"response":{"messaging_product":"whatsapp","contacts":[{"input":"+919096463943","wa_id":"919096463943"}],"messages":[{"id":"wamid.HBgMOTE5MDk2NDYzOTQzFQIAERgSNTRBMjU2Nzk0NUM0QjU4MjkyAA==","message_status":"accepted"}]},"error":null}
[2026-02-22 17:01:21] reception_send_otp | {"phone":"+919096463943","user_id":1000,"provider_ok":true,"provider_resp":{"messaging_product":"whatsapp","contacts":[{"input":"+919096463943","wa_id":"919096463943"}],"messages":[{"id":"wamid.HBgMOTE5MDk2NDYzOTQzFQIAERgSNTRBMjU2Nzk0NUM0QjU4MjkyAA==","message_status":"accepted"}]}}
[2026-02-22 17:01:32] reception_login_verify_result | {"result":"OK","attempts":1}
[2026-02-22 17:15:10] whatsapp_api_post | {"url":"https:\/\/graph.facebook.com\/v19.0\/636471032888916\/messages","http_code":200,"success":true,"response":{"messaging_product":"whatsapp","contacts":[{"input":"+919096463943","wa_id":"919096463943"}],"messages":[{"id":"wamid.HBgMOTE5MDk2NDYzOTQzFQIAERgSNzJGMUJERjI4NUNBMDk3Mzc5AA==","message_status":"accepted"}]},"error":null}
[2026-02-22 17:15:10] owner_send_otp | {"phone":"+919096463943","user_id":1,"provider_ok":true,"provider_resp":{"messaging_product":"whatsapp","contacts":[{"input":"+919096463943","wa_id":"919096463943"}],"messages":[{"id":"wamid.HBgMOTE5MDk2NDYzOTQzFQIAERgSNzJGMUJERjI4NUNBMDk3Mzc5AA==","message_status":"accepted"}]}}
[2026-02-22 17:16:43] owner_login_verify_result | {"result":"OK","attempts":1}
[2026-02-22 20:53:33] whatsapp_api_post | {"url":"https:\/\/graph.facebook.com\/v19.0\/636471032888916\/messages","http_code":0,"success":false,"response":null,"error":"HTTP request failed or timed out"}
[2026-02-22 21:41:35] whatsapp_api_post | {"url":"https:\/\/graph.facebook.com\/v19.0\/636471032888916\/messages","http_code":200,"success":true,"response":{"messaging_product":"whatsapp","contacts":[{"input":"+919096463943","wa_id":"919096463943"}],"messages":[{"id":"wamid.HBgMOTE5MDk2NDYzOTQzFQIAERgSMzg1OTg1NUYyRDYxMTYxRDNCAA==","message_status":"accepted"}]},"error":null}
[2026-02-22 21:41:35] reception_send_otp | {"phone":"+919096463943","user_id":1000,"provider_ok":true,"provider_resp":{"messaging_product":"whatsapp","contacts":[{"input":"+919096463943","wa_id":"919096463943"}],"messages":[{"id":"wamid.HBgMOTE5MDk2NDYzOTQzFQIAERgSMzg1OTg1NUYyRDYxMTYxRDNCAA==","message_status":"accepted"}]}}
[2026-02-22 21:41:55] reception_login_verify_result | {"result":"OK","attempts":1}
[2026-02-22 21:50:07] whatsapp_api_post | {"url":"https:\/\/graph.facebook.com\/v19.0\/636471032888916\/messages","http_code":200,"success":true,"response":{"messaging_product":"whatsapp","contacts":[{"input":"+919096463943","wa_id":"919096463943"}],"messages":[{"id":"wamid.HBgMOTE5MDk2NDYzOTQzFQIAERgSRDk5ODRBMDcwQzhENjg1Njc1AA==","message_status":"accepted"}]},"error":null}
[2026-02-22 21:50:07] accounts_send_otp | {"phone":"+919096463943","user_id":1003,"provider_ok":true,"provider_resp":{"messaging_product":"whatsapp","contacts":[{"input":"+919096463943","wa_id":"919096463943"}],"messages":[{"id":"wamid.HBgMOTE5MDk2NDYzOTQzFQIAERgSRDk5ODRBMDcwQzhENjg1Njc1AA==","message_status":"accepted"}]}}
[2026-02-22 21:50:18] accounts_login_verify_result | {"result":"OK","attempts":1}
[2026-02-23 17:14:08] whatsapp_api_post | {"url":"https:\/\/graph.facebook.com\/v19.0\/636471032888916\/messages","http_code":200,"success":true,"response":{"messaging_product":"whatsapp","contacts":[{"input":"+919096463943","wa_id":"919096463943"}],"messages":[{"id":"wamid.HBgMOTE5MDk2NDYzOTQzFQIAERgSMjNGNjRBMkJGRTQ1QzBFNEQyAA==","message_status":"accepted"}]},"error":null}
[2026-02-23 17:14:08] teacher_send_otp | {"phone":"+919096463943","user_id":103,"provider_ok":true,"provider_resp":{"messaging_product":"whatsapp","contacts":[{"input":"+919096463943","wa_id":"919096463943"}],"messages":[{"id":"wamid.HBgMOTE5MDk2NDYzOTQzFQIAERgSMjNGNjRBMkJGRTQ1QzBFNEQyAA==","message_status":"accepted"}]}}
[2026-02-23 17:14:26] teacher_login_verify_result | {"result":"OK","attempts":1}
[2026-02-23 17:20:06] whatsapp_api_post | {"url":"https:\/\/graph.facebook.com\/v19.0\/636471032888916\/messages","http_code":200,"success":true,"response":{"messaging_product":"whatsapp","contacts":[{"input":"+919096463943","wa_id":"919096463943"}],"messages":[{"id":"wamid.HBgMOTE5MDk2NDYzOTQzFQIAERgSODY1NDQ4OUNDNEUzQkQ3N0NCAA==","message_status":"accepted"}]},"error":null}
[2026-02-23 17:20:06] parent_send_otp | {"phone":"+919096463943","user_id":1053,"provider_ok":true,"provider_resp":{"messaging_product":"whatsapp","contacts":[{"input":"+919096463943","wa_id":"919096463943"}],"messages":[{"id":"wamid.HBgMOTE5MDk2NDYzOTQzFQIAERgSODY1NDQ4OUNDNEUzQkQ3N0NCAA==","message_status":"accepted"}]}}
[2026-02-23 17:20:19] parent_login_verify | {"result":"OK","attempts":1}
[2026-02-23 17:36:19] whatsapp_api_post | {"url":"https:\/\/graph.facebook.com\/v19.0\/636471032888916\/messages","http_code":200,"success":true,"response":{"messaging_product":"whatsapp","contacts":[{"input":"+919096463943","wa_id":"919096463943"}],"messages":[{"id":"wamid.HBgMOTE5MDk2NDYzOTQzFQIAERgSQjA4MDdDRUY4MEU4MkI1RUFDAA==","message_status":"accepted"}]},"error":null}
[2026-02-23 17:36:19] reception_send_otp | {"phone":"+919096463943","user_id":1000,"provider_ok":true,"provider_resp":{"messaging_product":"whatsapp","contacts":[{"input":"+919096463943","wa_id":"919096463943"}],"messages":[{"id":"wamid.HBgMOTE5MDk2NDYzOTQzFQIAERgSQjA4MDdDRUY4MEU4MkI1RUFDAA==","message_status":"accepted"}]}}
[2026-02-23 17:36:27] reception_login_verify_result | {"result":"FAIL","attempts":1}
[2026-02-23 17:36:45] reception_login_verify_result | {"result":"OK","attempts":2}
[2026-02-23 17:37:11] whatsapp_api_post | {"url":"https:\/\/graph.facebook.com\/v19.0\/636471032888916\/messages","http_code":200,"success":true,"response":{"messaging_product":"whatsapp","contacts":[{"input":"+919096463943","wa_id":"919096463943"}],"messages":[{"id":"wamid.HBgMOTE5MDk2NDYzOTQzFQIAERgSNjA2QzZCRUE5REM3RTQyMTIyAA==","message_status":"accepted"}]},"error":null}
[2026-02-23 17:37:11] reception_send_otp | {"phone":"+919096463943","user_id":1000,"provider_ok":true,"provider_resp":{"messaging_product":"whatsapp","contacts":[{"input":"+919096463943","wa_id":"919096463943"}],"messages":[{"id":"wamid.HBgMOTE5MDk2NDYzOTQzFQIAERgSNjA2QzZCRUE5REM3RTQyMTIyAA==","message_status":"accepted"}]}}
[2026-02-23 17:37:16] reception_login_verify_result | {"result":"OK","attempts":1}
[2026-02-23 17:37:44] whatsapp_api_post | {"url":"https:\/\/graph.facebook.com\/v19.0\/636471032888916\/messages","http_code":200,"success":true,"response":{"messaging_product":"whatsapp","contacts":[{"input":"+919096463943","wa_id":"919096463943"}],"messages":[{"id":"wamid.HBgMOTE5MDk2NDYzOTQzFQIAERgSQkE5MTFGRTU4RjkyREIxRUMxAA==","message_status":"accepted"}]},"error":null}
[2026-02-23 17:37:44] teacher_send_otp | {"phone":"+919096463943","user_id":103,"provider_ok":true,"provider_resp":{"messaging_product":"whatsapp","contacts":[{"input":"+919096463943","wa_id":"919096463943"}],"messages":[{"id":"wamid.HBgMOTE5MDk2NDYzOTQzFQIAERgSQkE5MTFGRTU4RjkyREIxRUMxAA==","message_status":"accepted"}]}}
[2026-02-23 17:37:58] teacher_login_verify_result | {"result":"FAIL","attempts":1}
[2026-02-23 17:38:06] teacher_login_verify_result | {"result":"OK","attempts":2}
[2026-02-23 17:38:25] whatsapp_api_post | {"url":"https:\/\/graph.facebook.com\/v19.0\/636471032888916\/messages","http_code":200,"success":true,"response":{"messaging_product":"whatsapp","contacts":[{"input":"+919096463943","wa_id":"919096463943"}],"messages":[{"id":"wamid.HBgMOTE5MDk2NDYzOTQzFQIAERgSRTkzQ0I5QzVCMjdEMzhCM0M2AA==","message_status":"accepted"}]},"error":null}
[2026-02-23 17:38:25] parent_send_otp | {"phone":"+919096463943","user_id":1053,"provider_ok":true,"provider_resp":{"messaging_product":"whatsapp","contacts":[{"input":"+919096463943","wa_id":"919096463943"}],"messages":[{"id":"wamid.HBgMOTE5MDk2NDYzOTQzFQIAERgSRTkzQ0I5QzVCMjdEMzhCM0M2AA==","message_status":"accepted"}]}}
[2026-02-23 17:38:29] parent_login_verify | {"result":"OK","attempts":1}
[2026-02-23 17:47:45] whatsapp_api_post | {"url":"https:\/\/graph.facebook.com\/v19.0\/636471032888916\/messages","http_code":200,"success":true,"response":{"messaging_product":"whatsapp","contacts":[{"input":"+919096463943","wa_id":"919096463943"}],"messages":[{"id":"wamid.HBgMOTE5MDk2NDYzOTQzFQIAERgSRDJEMjY2RUZEQjdDRkJFRjNFAA==","message_status":"accepted"}]},"error":null}
[2026-02-23 17:47:45] parent_send_otp | {"phone":"+919096463943","user_id":1053,"provider_ok":true,"provider_resp":{"messaging_product":"whatsapp","contacts":[{"input":"+919096463943","wa_id":"919096463943"}],"messages":[{"id":"wamid.HBgMOTE5MDk2NDYzOTQzFQIAERgSRDJEMjY2RUZEQjdDRkJFRjNFAA==","message_status":"accepted"}]}}
[2026-02-23 17:47:59] parent_login_verify | {"result":"OK","attempts":1}
[2026-02-23 18:24:08] whatsapp_api_post | {"url":"https:\/\/graph.facebook.com\/v19.0\/636471032888916\/messages","http_code":200,"success":true,"response":{"messaging_product":"whatsapp","contacts":[{"input":"+919096463943","wa_id":"919096463943"}],"messages":[{"id":"wamid.HBgMOTE5MDk2NDYzOTQzFQIAERgSM0Y2QzlCNTdDMUI3QkVBNTM3AA==","message_status":"accepted"}]},"error":null}
[2026-02-23 18:24:08] teacher_send_otp | {"phone":"+919096463943","user_id":103,"provider_ok":true,"provider_resp":{"messaging_product":"whatsapp","contacts":[{"input":"+919096463943","wa_id":"919096463943"}],"messages":[{"id":"wamid.HBgMOTE5MDk2NDYzOTQzFQIAERgSM0Y2QzlCNTdDMUI3QkVBNTM3AA==","message_status":"accepted"}]}}
[2026-02-23 18:24:18] teacher_login_verify_result | {"result":"OK","attempts":1}
[2026-02-23 18:27:46] whatsapp_api_post | {"url":"https:\/\/graph.facebook.com\/v19.0\/636471032888916\/messages","http_code":200,"success":true,"response":{"messaging_product":"whatsapp","contacts":[{"input":"+919096463943","wa_id":"919096463943"}],"messages":[{"id":"wamid.HBgMOTE5MDk2NDYzOTQzFQIAERgSRjM4QUZFQzRDMTAyNkE4ODhFAA==","message_status":"accepted"}]},"error":null}
[2026-02-23 18:27:46] owner_send_otp | {"phone":"+919096463943","user_id":1,"provider_ok":true,"provider_resp":{"messaging_product":"whatsapp","contacts":[{"input":"+919096463943","wa_id":"919096463943"}],"messages":[{"id":"wamid.HBgMOTE5MDk2NDYzOTQzFQIAERgSRjM4QUZFQzRDMTAyNkE4ODhFAA==","message_status":"accepted"}]}}
[2026-02-23 18:27:52] owner_login_verify_result | {"result":"OK","attempts":1}
[2026-02-23 19:54:18] whatsapp_api_post | {"url":"https:\/\/graph.facebook.com\/v19.0\/636471032888916\/messages","http_code":200,"success":true,"response":{"messaging_product":"whatsapp","contacts":[{"input":"+919096463943","wa_id":"919096463943"}],"messages":[{"id":"wamid.HBgMOTE5MDk2NDYzOTQzFQIAERgSMDI0MEVFMDczNUQ4MzU0NTA1AA==","message_status":"accepted"}]},"error":null}
[2026-02-23 19:54:18] reception_send_otp | {"phone":"+919096463943","user_id":1000,"provider_ok":true,"provider_resp":{"messaging_product":"whatsapp","contacts":[{"input":"+919096463943","wa_id":"919096463943"}],"messages":[{"id":"wamid.HBgMOTE5MDk2NDYzOTQzFQIAERgSMDI0MEVFMDczNUQ4MzU0NTA1AA==","message_status":"accepted"}]}}
[2026-02-23 19:54:27] reception_login_verify_result | {"result":"OK","attempts":1}
[2026-02-23 19:54:43] whatsapp_api_post | {"url":"https:\/\/graph.facebook.com\/v19.0\/636471032888916\/messages","http_code":200,"success":true,"response":{"messaging_product":"whatsapp","contacts":[{"input":"+919096463943","wa_id":"919096463943"}],"messages":[{"id":"wamid.HBgMOTE5MDk2NDYzOTQzFQIAERgSRjQ2RDg5QzdBQTMyQzNGNUEyAA==","message_status":"accepted"}]},"error":null}
[2026-02-23 19:54:43] accounts_send_otp | {"phone":"+919096463943","user_id":1003,"provider_ok":true,"provider_resp":{"messaging_product":"whatsapp","contacts":[{"input":"+919096463943","wa_id":"919096463943"}],"messages":[{"id":"wamid.HBgMOTE5MDk2NDYzOTQzFQIAERgSRjQ2RDg5QzdBQTMyQzNGNUEyAA==","message_status":"accepted"}]}}
[2026-02-23 19:54:49] accounts_login_verify_result | {"result":"OK","attempts":1}
[2026-02-23 20:01:45] whatsapp_api_post | {"url":"https:\/\/graph.facebook.com\/v19.0\/636471032888916\/messages","http_code":200,"success":true,"response":{"messaging_product":"whatsapp","contacts":[{"input":"+919096463943","wa_id":"919096463943"}],"messages":[{"id":"wamid.HBgMOTE5MDk2NDYzOTQzFQIAERgSNTQxM0Q4QzNDRUEyNDU1MTFGAA==","message_status":"accepted"}]},"error":null}
[2026-02-23 20:01:45] teacher_send_otp | {"phone":"+919096463943","user_id":103,"provider_ok":true,"provider_resp":{"messaging_product":"whatsapp","contacts":[{"input":"+919096463943","wa_id":"919096463943"}],"messages":[{"id":"wamid.HBgMOTE5MDk2NDYzOTQzFQIAERgSNTQxM0Q4QzNDRUEyNDU1MTFGAA==","message_status":"accepted"}]}}
[2026-02-23 20:01:54] teacher_login_verify_result | {"result":"OK","attempts":1}
[2026-02-23 20:33:01] whatsapp_api_post | {"url":"https:\/\/graph.facebook.com\/v19.0\/636471032888916\/messages","http_code":200,"success":true,"response":{"messaging_product":"whatsapp","contacts":[{"input":"+919096463943","wa_id":"919096463943"}],"messages":[{"id":"wamid.HBgMOTE5MDk2NDYzOTQzFQIAERgSNzVFQTIzRTNGODIyOTREMEJGAA==","message_status":"accepted"}]},"error":null}
[2026-02-23 20:33:01] parent_send_otp | {"phone":"+919096463943","user_id":1053,"provider_ok":true,"provider_resp":{"messaging_product":"whatsapp","contacts":[{"input":"+919096463943","wa_id":"919096463943"}],"messages":[{"id":"wamid.HBgMOTE5MDk2NDYzOTQzFQIAERgSNzVFQTIzRTNGODIyOTREMEJGAA==","message_status":"accepted"}]}}
[2026-02-23 20:33:31] parent_login_verify | {"result":"OK","attempts":1}
[2026-02-24 10:03:58] whatsapp_api_post | {"url":"https:\/\/graph.facebook.com\/v19.0\/636471032888916\/messages","http_code":200,"success":true,"response":{"messaging_product":"whatsapp","contacts":[{"input":"+919423076094","wa_id":"919423076094"}],"messages":[{"id":"wamid.HBgMOTE5NDIzMDc2MDk0FQIAERgSRDAyQUMwRjQ2RTdFOEM5MkREAA==","message_status":"accepted"}]},"error":null}
[2026-02-24 10:03:58] owner_send_otp | {"phone":"+919423076094","user_id":1059,"provider_ok":true,"provider_resp":{"messaging_product":"whatsapp","contacts":[{"input":"+919423076094","wa_id":"919423076094"}],"messages":[{"id":"wamid.HBgMOTE5NDIzMDc2MDk0FQIAERgSRDAyQUMwRjQ2RTdFOEM5MkREAA==","message_status":"accepted"}]}}
[2026-02-24 10:22:55] whatsapp_api_post | {"url":"https:\/\/graph.facebook.com\/v19.0\/636471032888916\/messages","http_code":200,"success":true,"response":{"messaging_product":"whatsapp","contacts":[{"input":"+919096463943","wa_id":"919096463943"}],"messages":[{"id":"wamid.HBgMOTE5MDk2NDYzOTQzFQIAERgSRUQxNjAzRUU5OTA1ODkxQUIzAA==","message_status":"accepted"}]},"error":null}
[2026-02-24 10:22:55] owner_send_otp | {"phone":"+919096463943","user_id":1,"provider_ok":true,"provider_resp":{"messaging_product":"whatsapp","contacts":[{"input":"+919096463943","wa_id":"919096463943"}],"messages":[{"id":"wamid.HBgMOTE5MDk2NDYzOTQzFQIAERgSRUQxNjAzRUU5OTA1ODkxQUIzAA==","message_status":"accepted"}]}}
[2026-02-24 10:23:06] owner_login_verify_result | {"result":"OK","attempts":1}
[2026-02-24 11:04:16] whatsapp_api_post | {"url":"https:\/\/graph.facebook.com\/v19.0\/636471032888916\/messages","http_code":200,"success":true,"response":{"messaging_product":"whatsapp","contacts":[{"input":"+919096463943","wa_id":"919096463943"}],"messages":[{"id":"wamid.HBgMOTE5MDk2NDYzOTQzFQIAERgSODEzMzAxNDlCMjhEQjU4QTc1AA==","message_status":"accepted"}]},"error":null}
[2026-02-24 11:04:16] accounts_send_otp | {"phone":"+919096463943","user_id":1003,"provider_ok":true,"provider_resp":{"messaging_product":"whatsapp","contacts":[{"input":"+919096463943","wa_id":"919096463943"}],"messages":[{"id":"wamid.HBgMOTE5MDk2NDYzOTQzFQIAERgSODEzMzAxNDlCMjhEQjU4QTc1AA==","message_status":"accepted"}]}}
[2026-02-24 11:04:48] accounts_login_verify_result | {"result":"OK","attempts":1}
[2026-02-24 11:07:30] whatsapp_api_post | {"url":"https:\/\/graph.facebook.com\/v19.0\/636471032888916\/messages","http_code":200,"success":true,"response":{"messaging_product":"whatsapp","contacts":[{"input":"+919096463943","wa_id":"919096463943"}],"messages":[{"id":"wamid.HBgMOTE5MDk2NDYzOTQzFQIAERgSMDRCQTU5QjhEOEFEQ0FDNDZCAA==","message_status":"accepted"}]},"error":null}
[2026-02-24 11:07:30] teacher_send_otp | {"phone":"+919096463943","user_id":103,"provider_ok":true,"provider_resp":{"messaging_product":"whatsapp","contacts":[{"input":"+919096463943","wa_id":"919096463943"}],"messages":[{"id":"wamid.HBgMOTE5MDk2NDYzOTQzFQIAERgSMDRCQTU5QjhEOEFEQ0FDNDZCAA==","message_status":"accepted"}]}}
[2026-02-24 11:07:37] teacher_login_verify_result | {"result":"OK","attempts":1}
[2026-02-24 11:11:57] whatsapp_api_post | {"url":"https:\/\/graph.facebook.com\/v19.0\/636471032888916\/messages","http_code":200,"success":true,"response":{"messaging_product":"whatsapp","contacts":[{"input":"+919096463943","wa_id":"919096463943"}],"messages":[{"id":"wamid.HBgMOTE5MDk2NDYzOTQzFQIAERgSRERCRkI0MTUzNkI2NDlCRjY0AA==","message_status":"accepted"}]},"error":null}
[2026-02-24 11:11:57] parent_send_otp | {"phone":"+919096463943","user_id":1053,"provider_ok":true,"provider_resp":{"messaging_product":"whatsapp","contacts":[{"input":"+919096463943","wa_id":"919096463943"}],"messages":[{"id":"wamid.HBgMOTE5MDk2NDYzOTQzFQIAERgSRERCRkI0MTUzNkI2NDlCRjY0AA==","message_status":"accepted"}]}}
[2026-02-24 11:12:15] parent_login_verify | {"result":"OK","attempts":1}
[2026-02-24 11:16:19] whatsapp_api_post | {"url":"https:\/\/graph.facebook.com\/v19.0\/636471032888916\/messages","http_code":200,"success":true,"response":{"messaging_product":"whatsapp","contacts":[{"input":"+919096463943","wa_id":"919096463943"}],"messages":[{"id":"wamid.HBgMOTE5MDk2NDYzOTQzFQIAERgSMThGQzVFQkEzNTk3QjJEMTYzAA==","message_status":"accepted"}]},"error":null}
[2026-02-24 11:16:19] reception_send_otp | {"phone":"+919096463943","user_id":1000,"provider_ok":true,"provider_resp":{"messaging_product":"whatsapp","contacts":[{"input":"+919096463943","wa_id":"919096463943"}],"messages":[{"id":"wamid.HBgMOTE5MDk2NDYzOTQzFQIAERgSMThGQzVFQkEzNTk3QjJEMTYzAA==","message_status":"accepted"}]}}
[2026-02-24 11:16:38] reception_login_verify_result | {"result":"OK","attempts":1}
[2026-02-24 15:23:42] whatsapp_api_post | {"url":"https:\/\/graph.facebook.com\/v19.0\/636471032888916\/messages","http_code":200,"success":true,"response":{"messaging_product":"whatsapp","contacts":[{"input":"+919096463943","wa_id":"919096463943"}],"messages":[{"id":"wamid.HBgMOTE5MDk2NDYzOTQzFQIAERgSRDA5MzBBNTFEOTY2N0IxODRFAA==","message_status":"accepted"}]},"error":null}
[2026-02-24 15:23:42] parent_send_otp | {"phone":"+919096463943","user_id":1053,"provider_ok":true,"provider_resp":{"messaging_product":"whatsapp","contacts":[{"input":"+919096463943","wa_id":"919096463943"}],"messages":[{"id":"wamid.HBgMOTE5MDk2NDYzOTQzFQIAERgSRDA5MzBBNTFEOTY2N0IxODRFAA==","message_status":"accepted"}]}}
[2026-02-24 15:23:55] parent_login_verify | {"result":"OK","attempts":1}
[2026-02-24 15:27:00] whatsapp_api_post | {"url":"https:\/\/graph.facebook.com\/v19.0\/636471032888916\/messages","http_code":200,"success":true,"response":{"messaging_product":"whatsapp","contacts":[{"input":"+919096463943","wa_id":"919096463943"}],"messages":[{"id":"wamid.HBgMOTE5MDk2NDYzOTQzFQIAERgSMDM1QkQzQkQ5OTIzNTZFMTQ3AA==","message_status":"accepted"}]},"error":null}
[2026-02-24 15:27:00] teacher_send_otp | {"phone":"+919096463943","user_id":103,"provider_ok":true,"provider_resp":{"messaging_product":"whatsapp","contacts":[{"input":"+919096463943","wa_id":"919096463943"}],"messages":[{"id":"wamid.HBgMOTE5MDk2NDYzOTQzFQIAERgSMDM1QkQzQkQ5OTIzNTZFMTQ3AA==","message_status":"accepted"}]}}
[2026-02-24 15:27:10] teacher_login_verify_result | {"result":"OK","attempts":1}
[2026-02-24 15:30:40] whatsapp_api_post | {"url":"https:\/\/graph.facebook.com\/v19.0\/636471032888916\/messages","http_code":200,"success":true,"response":{"messaging_product":"whatsapp","contacts":[{"input":"+919096463943","wa_id":"919096463943"}],"messages":[{"id":"wamid.HBgMOTE5MDk2NDYzOTQzFQIAERgSQzFDMTcyNkFCNzE1RDc3MTkwAA==","message_status":"accepted"}]},"error":null}
[2026-02-24 15:30:40] reception_send_otp | {"phone":"+919096463943","user_id":1000,"provider_ok":true,"provider_resp":{"messaging_product":"whatsapp","contacts":[{"input":"+919096463943","wa_id":"919096463943"}],"messages":[{"id":"wamid.HBgMOTE5MDk2NDYzOTQzFQIAERgSQzFDMTcyNkFCNzE1RDc3MTkwAA==","message_status":"accepted"}]}}
[2026-02-24 15:30:50] reception_login_verify_result | {"result":"OK","attempts":1}
[2026-02-24 15:40:18] whatsapp_api_post | {"url":"https:\/\/graph.facebook.com\/v19.0\/636471032888916\/messages","http_code":200,"success":true,"response":{"messaging_product":"whatsapp","contacts":[{"input":"+919096463943","wa_id":"919096463943"}],"messages":[{"id":"wamid.HBgMOTE5MDk2NDYzOTQzFQIAERgSQzBDMkUxM0E1MkJEODBDQUMwAA==","message_status":"accepted"}]},"error":null}
[2026-02-24 15:40:19] accounts_send_otp | {"phone":"+919096463943","user_id":1003,"provider_ok":true,"provider_resp":{"messaging_product":"whatsapp","contacts":[{"input":"+919096463943","wa_id":"919096463943"}],"messages":[{"id":"wamid.HBgMOTE5MDk2NDYzOTQzFQIAERgSQzBDMkUxM0E1MkJEODBDQUMwAA==","message_status":"accepted"}]}}
[2026-02-24 15:41:18] accounts_login_verify_result | {"result":"OK","attempts":1}
[2026-02-25 12:54:29] whatsapp_api_post | {"url":"https:\/\/graph.facebook.com\/v19.0\/636471032888916\/messages","http_code":200,"success":true,"response":{"messaging_product":"whatsapp","contacts":[{"input":"+919096463943","wa_id":"919096463943"}],"messages":[{"id":"wamid.HBgMOTE5MDk2NDYzOTQzFQIAERgSNzc3MDU1RTA5NUJDNTAyMjMxAA==","message_status":"accepted"}]},"error":null}
[2026-02-25 12:54:29] owner_send_otp | {"phone":"+919096463943","user_id":1,"provider_ok":true,"provider_resp":{"messaging_product":"whatsapp","contacts":[{"input":"+919096463943","wa_id":"919096463943"}],"messages":[{"id":"wamid.HBgMOTE5MDk2NDYzOTQzFQIAERgSNzc3MDU1RTA5NUJDNTAyMjMxAA==","message_status":"accepted"}]}}
[2026-02-25 12:55:28] owner_login_verify_result | {"result":"OK","attempts":1}
[2026-02-25 13:04:18] whatsapp_api_post | {"url":"https:\/\/graph.facebook.com\/v19.0\/636471032888916\/messages","http_code":200,"success":true,"response":{"messaging_product":"whatsapp","contacts":[{"input":"+919096463943","wa_id":"919096463943"}],"messages":[{"id":"wamid.HBgMOTE5MDk2NDYzOTQzFQIAERgSQUY3QjFBREMwMkNGN0IzMDY5AA==","message_status":"accepted"}]},"error":null}
[2026-02-25 13:04:18] parent_send_otp | {"phone":"+919096463943","user_id":1053,"provider_ok":true,"provider_resp":{"messaging_product":"whatsapp","contacts":[{"input":"+919096463943","wa_id":"919096463943"}],"messages":[{"id":"wamid.HBgMOTE5MDk2NDYzOTQzFQIAERgSQUY3QjFBREMwMkNGN0IzMDY5AA==","message_status":"accepted"}]}}
[2026-02-25 13:04:25] parent_login_verify | {"result":"OK","attempts":1}
[2026-02-25 13:04:46] whatsapp_api_post | {"url":"https:\/\/graph.facebook.com\/v19.0\/636471032888916\/messages","http_code":200,"success":true,"response":{"messaging_product":"whatsapp","contacts":[{"input":"+919423076094","wa_id":"919423076094"}],"messages":[{"id":"wamid.HBgMOTE5NDIzMDc2MDk0FQIAERgSOUZFMzdBQzYxOUI4MEE0QTlEAA==","message_status":"accepted"}]},"error":null}
[2026-02-25 13:04:46] owner_send_otp | {"phone":"+919423076094","user_id":1059,"provider_ok":true,"provider_resp":{"messaging_product":"whatsapp","contacts":[{"input":"+919423076094","wa_id":"919423076094"}],"messages":[{"id":"wamid.HBgMOTE5NDIzMDc2MDk0FQIAERgSOUZFMzdBQzYxOUI4MEE0QTlEAA==","message_status":"accepted"}]}}
[2026-02-25 13:04:55] owner_login_verify_result | {"result":"OK","attempts":1}
[2026-02-25 13:05:12] whatsapp_api_post | {"url":"https:\/\/graph.facebook.com\/v19.0\/636471032888916\/messages","http_code":200,"success":true,"response":{"messaging_product":"whatsapp","contacts":[{"input":"+919423076094","wa_id":"919423076094"}],"messages":[{"id":"wamid.HBgMOTE5NDIzMDc2MDk0FQIAERgSRDNBNTg1NDZGQUMzMUJFMzYzAA==","message_status":"accepted"}]},"error":null}
[2026-02-25 13:05:12] owner_send_otp | {"phone":"+919423076094","user_id":1059,"provider_ok":true,"provider_resp":{"messaging_product":"whatsapp","contacts":[{"input":"+919423076094","wa_id":"919423076094"}],"messages":[{"id":"wamid.HBgMOTE5NDIzMDc2MDk0FQIAERgSRDNBNTg1NDZGQUMzMUJFMzYzAA==","message_status":"accepted"}]}}
[2026-02-25 13:05:18] owner_login_verify_result | {"result":"OK","attempts":1}
[2026-02-25 13:05:39] whatsapp_api_post | {"url":"https:\/\/graph.facebook.com\/v19.0\/636471032888916\/messages","http_code":200,"success":true,"response":{"messaging_product":"whatsapp","contacts":[{"input":"+919096463943","wa_id":"919096463943"}],"messages":[{"id":"wamid.HBgMOTE5MDk2NDYzOTQzFQIAERgSNDdFRTMxMTYwODk3MTIwRDIwAA==","message_status":"accepted"}]},"error":null}
[2026-02-25 13:05:39] owner_send_otp | {"phone":"+919096463943","user_id":1,"provider_ok":true,"provider_resp":{"messaging_product":"whatsapp","contacts":[{"input":"+919096463943","wa_id":"919096463943"}],"messages":[{"id":"wamid.HBgMOTE5MDk2NDYzOTQzFQIAERgSNDdFRTMxMTYwODk3MTIwRDIwAA==","message_status":"accepted"}]}}
[2026-02-25 13:05:55] owner_login_verify_result | {"result":"OK","attempts":1}
[2026-02-25 13:21:53] whatsapp_api_post | {"url":"https:\/\/graph.facebook.com\/v19.0\/636471032888916\/messages","http_code":200,"success":true,"response":{"messaging_product":"whatsapp","contacts":[{"input":"+919096463943","wa_id":"919096463943"}],"messages":[{"id":"wamid.HBgMOTE5MDk2NDYzOTQzFQIAERgSNzMxRTM3QzZBNkEzOTJGMkYwAA==","message_status":"accepted"}]},"error":null}
[2026-02-25 13:21:53] parent_send_otp | {"phone":"+919096463943","user_id":1053,"provider_ok":true,"provider_resp":{"messaging_product":"whatsapp","contacts":[{"input":"+919096463943","wa_id":"919096463943"}],"messages":[{"id":"wamid.HBgMOTE5MDk2NDYzOTQzFQIAERgSNzMxRTM3QzZBNkEzOTJGMkYwAA==","message_status":"accepted"}]}}
[2026-02-25 13:22:06] parent_login_verify | {"result":"OK","attempts":1}
[2026-02-25 13:23:36] whatsapp_api_post | {"url":"https:\/\/graph.facebook.com\/v19.0\/636471032888916\/messages","http_code":200,"success":true,"response":{"messaging_product":"whatsapp","contacts":[{"input":"+919096463943","wa_id":"919096463943"}],"messages":[{"id":"wamid.HBgMOTE5MDk2NDYzOTQzFQIAERgSRTYxNENDMDhFNzFDQzFERUMwAA==","message_status":"accepted"}]},"error":null}
[2026-02-25 13:23:36] parent_send_otp | {"phone":"+919096463943","user_id":1053,"provider_ok":true,"provider_resp":{"messaging_product":"whatsapp","contacts":[{"input":"+919096463943","wa_id":"919096463943"}],"messages":[{"id":"wamid.HBgMOTE5MDk2NDYzOTQzFQIAERgSRTYxNENDMDhFNzFDQzFERUMwAA==","message_status":"accepted"}]}}
[2026-02-25 13:23:50] parent_login_verify | {"result":"OK","attempts":1}
[2026-02-25 13:25:23] whatsapp_api_post | {"url":"https:\/\/graph.facebook.com\/v19.0\/636471032888916\/messages","http_code":200,"success":true,"response":{"messaging_product":"whatsapp","contacts":[{"input":"+919096463943","wa_id":"919096463943"}],"messages":[{"id":"wamid.HBgMOTE5MDk2NDYzOTQzFQIAERgSNEIwOTQ3RDhFNTVGM0Q1NENCAA==","message_status":"accepted"}]},"error":null}
[2026-02-25 13:25:23] teacher_send_otp | {"phone":"+919096463943","user_id":103,"provider_ok":true,"provider_resp":{"messaging_product":"whatsapp","contacts":[{"input":"+919096463943","wa_id":"919096463943"}],"messages":[{"id":"wamid.HBgMOTE5MDk2NDYzOTQzFQIAERgSNEIwOTQ3RDhFNTVGM0Q1NENCAA==","message_status":"accepted"}]}}
[2026-02-25 13:25:36] teacher_login_verify_result | {"result":"OK","attempts":1}
[2026-02-25 13:26:30] whatsapp_api_post | {"url":"https:\/\/graph.facebook.com\/v19.0\/636471032888916\/messages","http_code":200,"success":true,"response":{"messaging_product":"whatsapp","contacts":[{"input":"+919096463943","wa_id":"919096463943"}],"messages":[{"id":"wamid.HBgMOTE5MDk2NDYzOTQzFQIAERgSNjkzNjM2QTA4ODJCMUJDMTFCAA==","message_status":"accepted"}]},"error":null}
[2026-02-25 13:26:30] parent_send_otp | {"phone":"+919096463943","user_id":1053,"provider_ok":true,"provider_resp":{"messaging_product":"whatsapp","contacts":[{"input":"+919096463943","wa_id":"919096463943"}],"messages":[{"id":"wamid.HBgMOTE5MDk2NDYzOTQzFQIAERgSNjkzNjM2QTA4ODJCMUJDMTFCAA==","message_status":"accepted"}]}}
[2026-02-25 13:26:40] parent_login_verify | {"result":"OK","attempts":1}
[2026-02-25 13:32:03] whatsapp_api_post | {"url":"https:\/\/graph.facebook.com\/v19.0\/636471032888916\/messages","http_code":200,"success":true,"response":{"messaging_product":"whatsapp","contacts":[{"input":"+919096463943","wa_id":"919096463943"}],"messages":[{"id":"wamid.HBgMOTE5MDk2NDYzOTQzFQIAERgSMkM2QzkyMDg1QjkxRkVFNTg2AA==","message_status":"accepted"}]},"error":null}
[2026-02-25 13:32:03] owner_send_otp | {"phone":"+919096463943","user_id":1,"provider_ok":true,"provider_resp":{"messaging_product":"whatsapp","contacts":[{"input":"+919096463943","wa_id":"919096463943"}],"messages":[{"id":"wamid.HBgMOTE5MDk2NDYzOTQzFQIAERgSMkM2QzkyMDg1QjkxRkVFNTg2AA==","message_status":"accepted"}]}}
[2026-02-25 13:32:16] owner_login_verify_result | {"result":"OK","attempts":1}
[2026-02-25 13:35:24] whatsapp_api_post | {"url":"https:\/\/graph.facebook.com\/v19.0\/636471032888916\/messages","http_code":200,"success":true,"response":{"messaging_product":"whatsapp","contacts":[{"input":"+919096463943","wa_id":"919096463943"}],"messages":[{"id":"wamid.HBgMOTE5MDk2NDYzOTQzFQIAERgSNUFBNjVENEI1QTE0OTFDNzU5AA==","message_status":"accepted"}]},"error":null}
[2026-02-25 13:35:24] reception_send_otp | {"phone":"+919096463943","user_id":1000,"provider_ok":true,"provider_resp":{"messaging_product":"whatsapp","contacts":[{"input":"+919096463943","wa_id":"919096463943"}],"messages":[{"id":"wamid.HBgMOTE5MDk2NDYzOTQzFQIAERgSNUFBNjVENEI1QTE0OTFDNzU5AA==","message_status":"accepted"}]}}
[2026-02-25 13:35:32] reception_login_verify_result | {"result":"OK","attempts":1}
[2026-02-25 13:46:45] whatsapp_api_post | {"url":"https:\/\/graph.facebook.com\/v19.0\/636471032888916\/messages","http_code":200,"success":true,"response":{"messaging_product":"whatsapp","contacts":[{"input":"+919096463943","wa_id":"919096463943"}],"messages":[{"id":"wamid.HBgMOTE5MDk2NDYzOTQzFQIAERgSRjNBQTY3QjBFNzMyQ0Y5MDNEAA==","message_status":"accepted"}]},"error":null}
[2026-02-25 13:46:45] accounts_send_otp | {"phone":"+919096463943","user_id":1003,"provider_ok":true,"provider_resp":{"messaging_product":"whatsapp","contacts":[{"input":"+919096463943","wa_id":"919096463943"}],"messages":[{"id":"wamid.HBgMOTE5MDk2NDYzOTQzFQIAERgSRjNBQTY3QjBFNzMyQ0Y5MDNEAA==","message_status":"accepted"}]}}
[2026-02-25 13:46:59] accounts_login_verify_result | {"result":"OK","attempts":1}
[2026-02-25 13:51:23] whatsapp_api_post | {"url":"https:\/\/graph.facebook.com\/v19.0\/636471032888916\/messages","http_code":200,"success":true,"response":{"messaging_product":"whatsapp","contacts":[{"input":"+919096463943","wa_id":"919096463943"}],"messages":[{"id":"wamid.HBgMOTE5MDk2NDYzOTQzFQIAERgSQjREOEFENDREMUVDOTJCQUMyAA==","message_status":"accepted"}]},"error":null}
[2026-02-25 13:51:23] parent_send_otp | {"phone":"+919096463943","user_id":1053,"provider_ok":true,"provider_resp":{"messaging_product":"whatsapp","contacts":[{"input":"+919096463943","wa_id":"919096463943"}],"messages":[{"id":"wamid.HBgMOTE5MDk2NDYzOTQzFQIAERgSQjREOEFENDREMUVDOTJCQUMyAA==","message_status":"accepted"}]}}
[2026-02-25 13:51:50] whatsapp_api_post | {"url":"https:\/\/graph.facebook.com\/v19.0\/636471032888916\/messages","http_code":200,"success":true,"response":{"messaging_product":"whatsapp","contacts":[{"input":"+919096463943","wa_id":"919096463943"}],"messages":[{"id":"wamid.HBgMOTE5MDk2NDYzOTQzFQIAERgSOTVEM0M5MjM1QUFENkRCNzVEAA==","message_status":"accepted"}]},"error":null}
[2026-02-25 13:51:50] owner_send_otp | {"phone":"+919096463943","user_id":1,"provider_ok":true,"provider_resp":{"messaging_product":"whatsapp","contacts":[{"input":"+919096463943","wa_id":"919096463943"}],"messages":[{"id":"wamid.HBgMOTE5MDk2NDYzOTQzFQIAERgSOTVEM0M5MjM1QUFENkRCNzVEAA==","message_status":"accepted"}]}}
[2026-02-25 13:51:59] owner_login_verify_result | {"result":"OK","attempts":1}
[2026-02-25 13:53:08] parent_login_verify | {"result":"FAIL","attempts":1}
[2026-02-25 13:53:26] whatsapp_api_post | {"url":"https:\/\/graph.facebook.com\/v19.0\/636471032888916\/messages","http_code":200,"success":true,"response":{"messaging_product":"whatsapp","contacts":[{"input":"+919423076094","wa_id":"919423076094"}],"messages":[{"id":"wamid.HBgMOTE5NDIzMDc2MDk0FQIAERgSNTZGRDhFODA0NkQwMThBODg2AA==","message_status":"accepted"}]},"error":null}
[2026-02-25 13:53:26] parent_send_otp | {"phone":"+919423076094","user_id":1063,"provider_ok":true,"provider_resp":{"messaging_product":"whatsapp","contacts":[{"input":"+919423076094","wa_id":"919423076094"}],"messages":[{"id":"wamid.HBgMOTE5NDIzMDc2MDk0FQIAERgSNTZGRDhFODA0NkQwMThBODg2AA==","message_status":"accepted"}]}}
[2026-02-25 13:53:33] parent_login_verify | {"result":"OK","attempts":1}
[2026-02-25 13:53:53] whatsapp_api_post | {"url":"https:\/\/graph.facebook.com\/v19.0\/636471032888916\/messages","http_code":200,"success":true,"response":{"messaging_product":"whatsapp","contacts":[{"input":"+919423076094","wa_id":"919423076094"}],"messages":[{"id":"wamid.HBgMOTE5NDIzMDc2MDk0FQIAERgSNDBGMzM3NjE4QTZBQTVGNzFBAA==","message_status":"accepted"}]},"error":null}
[2026-02-25 13:53:53] parent_send_otp | {"phone":"+919423076094","user_id":1063,"provider_ok":true,"provider_resp":{"messaging_product":"whatsapp","contacts":[{"input":"+919423076094","wa_id":"919423076094"}],"messages":[{"id":"wamid.HBgMOTE5NDIzMDc2MDk0FQIAERgSNDBGMzM3NjE4QTZBQTVGNzFBAA==","message_status":"accepted"}]}}
[2026-02-25 13:53:59] parent_login_verify | {"result":"OK","attempts":1}
[2026-02-25 13:54:38] whatsapp_api_post | {"url":"https:\/\/graph.facebook.com\/v19.0\/636471032888916\/messages","http_code":200,"success":true,"response":{"messaging_product":"whatsapp","contacts":[{"input":"+919423076094","wa_id":"919423076094"}],"messages":[{"id":"wamid.HBgMOTE5NDIzMDc2MDk0FQIAERgSNEM5RkYyOUYwQ0I0NkNGOTJCAA==","message_status":"accepted"}]},"error":null}
[2026-02-25 13:54:38] parent_send_otp | {"phone":"+919423076094","user_id":1063,"provider_ok":true,"provider_resp":{"messaging_product":"whatsapp","contacts":[{"input":"+919423076094","wa_id":"919423076094"}],"messages":[{"id":"wamid.HBgMOTE5NDIzMDc2MDk0FQIAERgSNEM5RkYyOUYwQ0I0NkNGOTJCAA==","message_status":"accepted"}]}}
[2026-02-25 13:54:48] parent_login_verify | {"result":"OK","attempts":1}
[2026-02-27 05:57:43] whatsapp_api_post | {"url":"https:\/\/graph.facebook.com\/v19.0\/636471032888916\/messages","http_code":200,"success":true,"response":{"messaging_product":"whatsapp","contacts":[{"input":"+919096463943","wa_id":"919096463943"}],"messages":[{"id":"wamid.HBgMOTE5MDk2NDYzOTQzFQIAERgSQTU1QTIwOEJBOUQ2QTYwNjIxAA==","message_status":"accepted"}]},"error":null}
[2026-02-27 05:57:43] owner_send_otp | {"phone":"+919096463943","user_id":1,"provider_ok":true,"provider_resp":{"messaging_product":"whatsapp","contacts":[{"input":"+919096463943","wa_id":"919096463943"}],"messages":[{"id":"wamid.HBgMOTE5MDk2NDYzOTQzFQIAERgSQTU1QTIwOEJBOUQ2QTYwNjIxAA==","message_status":"accepted"}]}}
[2026-02-27 05:57:52] owner_login_verify_result | {"result":"OK","attempts":1}
[2026-02-28 02:20:13] whatsapp_api_post | {"url":"https:\/\/graph.facebook.com\/v19.0\/636471032888916\/messages","http_code":200,"success":true,"response":{"messaging_product":"whatsapp","contacts":[{"input":"+919096463943","wa_id":"919096463943"}],"messages":[{"id":"wamid.HBgMOTE5MDk2NDYzOTQzFQIAERgSOTI4NkExNDUwM0U3MkU5MjJGAA==","message_status":"accepted"}]},"error":null}
[2026-02-28 02:20:13] owner_send_otp | {"phone":"+919096463943","user_id":1,"provider_ok":true,"provider_resp":{"messaging_product":"whatsapp","contacts":[{"input":"+919096463943","wa_id":"919096463943"}],"messages":[{"id":"wamid.HBgMOTE5MDk2NDYzOTQzFQIAERgSOTI4NkExNDUwM0U3MkU5MjJGAA==","message_status":"accepted"}]}}
[2026-02-28 02:21:51] owner_login_verify_result | {"result":"OK","attempts":1}
[2026-02-28 02:23:10] whatsapp_api_post | {"url":"https:\/\/graph.facebook.com\/v19.0\/636471032888916\/messages","http_code":200,"success":true,"response":{"messaging_product":"whatsapp","contacts":[{"input":"+919096463943","wa_id":"919096463943"}],"messages":[{"id":"wamid.HBgMOTE5MDk2NDYzOTQzFQIAERgSMDAwMkU3QzMyOEUyRDFGNjBDAA==","message_status":"accepted"}]},"error":null}
[2026-02-28 02:23:10] reception_send_otp | {"phone":"+919096463943","user_id":1000,"provider_ok":true,"provider_resp":{"messaging_product":"whatsapp","contacts":[{"input":"+919096463943","wa_id":"919096463943"}],"messages":[{"id":"wamid.HBgMOTE5MDk2NDYzOTQzFQIAERgSMDAwMkU3QzMyOEUyRDFGNjBDAA==","message_status":"accepted"}]}}
[2026-02-28 02:23:21] reception_login_verify_result | {"result":"OK","attempts":1}
[2026-02-28 02:30:07] whatsapp_api_post | {"url":"https:\/\/graph.facebook.com\/v19.0\/636471032888916\/messages","http_code":200,"success":true,"response":{"messaging_product":"whatsapp","contacts":[{"input":"+919096463943","wa_id":"919096463943"}],"messages":[{"id":"wamid.HBgMOTE5MDk2NDYzOTQzFQIAERgSOEFBN0I3MjMyREYwMDQ5NDdBAA==","message_status":"accepted"}]},"error":null}
[2026-02-28 02:30:07] parent_send_otp | {"phone":"+919096463943","user_id":1053,"provider_ok":true,"provider_resp":{"messaging_product":"whatsapp","contacts":[{"input":"+919096463943","wa_id":"919096463943"}],"messages":[{"id":"wamid.HBgMOTE5MDk2NDYzOTQzFQIAERgSOEFBN0I3MjMyREYwMDQ5NDdBAA==","message_status":"accepted"}]}}
[2026-02-28 02:30:19] parent_login_verify | {"result":"OK","attempts":1}
[2026-02-28 02:42:09] whatsapp_api_post | {"url":"https:\/\/graph.facebook.com\/v19.0\/636471032888916\/messages","http_code":200,"success":true,"response":{"messaging_product":"whatsapp","contacts":[{"input":"+919096463943","wa_id":"919096463943"}],"messages":[{"id":"wamid.HBgMOTE5MDk2NDYzOTQzFQIAERgSQjhEOENGNkExMUFFMzMxQTAwAA==","message_status":"accepted"}]},"error":null}
[2026-02-28 02:42:09] owner_send_otp | {"phone":"+919096463943","user_id":1,"provider_ok":true,"provider_resp":{"messaging_product":"whatsapp","contacts":[{"input":"+919096463943","wa_id":"919096463943"}],"messages":[{"id":"wamid.HBgMOTE5MDk2NDYzOTQzFQIAERgSQjhEOENGNkExMUFFMzMxQTAwAA==","message_status":"accepted"}]}}
[2026-02-28 02:42:15] owner_login_verify_result | {"result":"OK","attempts":1}
[2026-02-28 09:49:26] whatsapp_api_post | {"url":"https:\/\/graph.facebook.com\/v19.0\/636471032888916\/messages","http_code":200,"success":true,"response":{"messaging_product":"whatsapp","contacts":[{"input":"+919096463943","wa_id":"919096463943"}],"messages":[{"id":"wamid.HBgMOTE5MDk2NDYzOTQzFQIAERgSRkMwNDExNkU3NkNGRjhFN0EyAA==","message_status":"accepted"}]},"error":null}
[2026-02-28 09:49:26] owner_send_otp | {"phone":"+919096463943","user_id":1,"provider_ok":true,"provider_resp":{"messaging_product":"whatsapp","contacts":[{"input":"+919096463943","wa_id":"919096463943"}],"messages":[{"id":"wamid.HBgMOTE5MDk2NDYzOTQzFQIAERgSRkMwNDExNkU3NkNGRjhFN0EyAA==","message_status":"accepted"}]}}
[2026-02-28 09:49:37] owner_login_verify_result | {"result":"OK","attempts":1}
[2026-03-01 16:35:49] whatsapp_api_post | {"url":"https:\/\/graph.facebook.com\/v19.0\/636471032888916\/messages","http_code":200,"success":true,"response":{"messaging_product":"whatsapp","contacts":[{"input":"+919096463943","wa_id":"919096463943"}],"messages":[{"id":"wamid.HBgMOTE5MDk2NDYzOTQzFQIAERgSQkQwRkQyMjRFQUY3OTUyRTA4AA==","message_status":"accepted"}]},"error":null}
[2026-03-01 16:35:49] owner_send_otp | {"phone":"+919096463943","user_id":1,"provider_ok":true,"provider_resp":{"messaging_product":"whatsapp","contacts":[{"input":"+919096463943","wa_id":"919096463943"}],"messages":[{"id":"wamid.HBgMOTE5MDk2NDYzOTQzFQIAERgSQkQwRkQyMjRFQUY3OTUyRTA4AA==","message_status":"accepted"}]}}
[2026-03-01 16:36:02] owner_login_verify_result | {"result":"OK","attempts":1}
[2026-03-02 09:50:19] whatsapp_api_post | {"url":"https:\/\/graph.facebook.com\/v19.0\/636471032888916\/messages","http_code":200,"success":true,"response":{"messaging_product":"whatsapp","contacts":[{"input":"+919096463943","wa_id":"919096463943"}],"messages":[{"id":"wamid.HBgMOTE5MDk2NDYzOTQzFQIAERgSMTc4MzVGMUJBMUU2NTY1RjE0AA==","message_status":"accepted"}]},"error":null}
[2026-03-02 09:50:19] owner_send_otp | {"phone":"+919096463943","user_id":1,"provider_ok":true,"provider_resp":{"messaging_product":"whatsapp","contacts":[{"input":"+919096463943","wa_id":"919096463943"}],"messages":[{"id":"wamid.HBgMOTE5MDk2NDYzOTQzFQIAERgSMTc4MzVGMUJBMUU2NTY1RjE0AA==","message_status":"accepted"}]}}
[2026-03-02 09:50:28] owner_login_verify_result | {"result":"OK","attempts":1}
[2026-03-02 15:06:54] whatsapp_api_post | {"url":"https:\/\/graph.facebook.com\/v19.0\/636471032888916\/messages","http_code":200,"success":true,"response":{"messaging_product":"whatsapp","contacts":[{"input":"+919096463943","wa_id":"919096463943"}],"messages":[{"id":"wamid.HBgMOTE5MDk2NDYzOTQzFQIAERgSMkFGRkI2N0EwRDlDMTQ5MUE1AA==","message_status":"accepted"}]},"error":null}
[2026-03-02 15:06:54] owner_send_otp | {"phone":"+919096463943","user_id":1,"provider_ok":true,"provider_resp":{"messaging_product":"whatsapp","contacts":[{"input":"+919096463943","wa_id":"919096463943"}],"messages":[{"id":"wamid.HBgMOTE5MDk2NDYzOTQzFQIAERgSMkFGRkI2N0EwRDlDMTQ5MUE1AA==","message_status":"accepted"}]}}
[2026-03-02 15:07:01] owner_login_verify_result | {"result":"OK","attempts":1}
[2026-03-02 15:21:55] whatsapp_api_post | {"url":"https:\/\/graph.facebook.com\/v19.0\/636471032888916\/messages","http_code":200,"success":true,"response":{"messaging_product":"whatsapp","contacts":[{"input":"+919096463943","wa_id":"919096463943"}],"messages":[{"id":"wamid.HBgMOTE5MDk2NDYzOTQzFQIAERgSRDc0MzE4QTNDMUExRjM5Qjg1AA==","message_status":"accepted"}]},"error":null}
[2026-03-02 15:21:55] owner_send_otp | {"phone":"+919096463943","user_id":1,"provider_ok":true,"provider_resp":{"messaging_product":"whatsapp","contacts":[{"input":"+919096463943","wa_id":"919096463943"}],"messages":[{"id":"wamid.HBgMOTE5MDk2NDYzOTQzFQIAERgSRDc0MzE4QTNDMUExRjM5Qjg1AA==","message_status":"accepted"}]}}
[2026-03-02 15:22:04] owner_login_verify_result | {"result":"OK","attempts":1}
[2026-03-03 06:48:52] whatsapp_api_post | {"url":"https:\/\/graph.facebook.com\/v19.0\/636471032888916\/messages","http_code":200,"success":true,"response":{"messaging_product":"whatsapp","contacts":[{"input":"+919096463943","wa_id":"919096463943"}],"messages":[{"id":"wamid.HBgMOTE5MDk2NDYzOTQzFQIAERgSMjE0MDFGRjZDOUUzM0M3NTc2AA==","message_status":"accepted"}]},"error":null}
[2026-03-03 06:48:52] owner_send_otp | {"phone":"+919096463943","user_id":1,"provider_ok":true,"provider_resp":{"messaging_product":"whatsapp","contacts":[{"input":"+919096463943","wa_id":"919096463943"}],"messages":[{"id":"wamid.HBgMOTE5MDk2NDYzOTQzFQIAERgSMjE0MDFGRjZDOUUzM0M3NTc2AA==","message_status":"accepted"}]}}
[2026-03-03 06:49:00] owner_login_verify_result | {"result":"OK","attempts":1}
[2026-03-03 10:51:01] whatsapp_api_post | {"url":"https:\/\/graph.facebook.com\/v19.0\/636471032888916\/messages","http_code":200,"success":true,"response":{"messaging_product":"whatsapp","contacts":[{"input":"+919096463943","wa_id":"919096463943"}],"messages":[{"id":"wamid.HBgMOTE5MDk2NDYzOTQzFQIAERgSQ0VBRERERTg1QUEzQzRCRjQxAA==","message_status":"accepted"}]},"error":null}
[2026-03-03 10:51:01] owner_send_otp | {"phone":"+919096463943","user_id":1,"provider_ok":true,"provider_resp":{"messaging_product":"whatsapp","contacts":[{"input":"+919096463943","wa_id":"919096463943"}],"messages":[{"id":"wamid.HBgMOTE5MDk2NDYzOTQzFQIAERgSQ0VBRERERTg1QUEzQzRCRjQxAA==","message_status":"accepted"}]}}
[2026-03-03 10:51:09] owner_login_verify_result | {"result":"OK","attempts":1}
[2026-03-03 12:34:52] whatsapp_api_post | {"url":"https:\/\/graph.facebook.com\/v19.0\/636471032888916\/messages","http_code":200,"success":true,"response":{"messaging_product":"whatsapp","contacts":[{"input":"+919096463943","wa_id":"919096463943"}],"messages":[{"id":"wamid.HBgMOTE5MDk2NDYzOTQzFQIAERgSRjJBQUUzNTczMDU3MkQ0ODEzAA==","message_status":"accepted"}]},"error":null}
[2026-03-03 12:34:52] owner_send_otp | {"phone":"+919096463943","user_id":1,"provider_ok":true,"provider_resp":{"messaging_product":"whatsapp","contacts":[{"input":"+919096463943","wa_id":"919096463943"}],"messages":[{"id":"wamid.HBgMOTE5MDk2NDYzOTQzFQIAERgSRjJBQUUzNTczMDU3MkQ0ODEzAA==","message_status":"accepted"}]}}
[2026-03-03 12:35:01] owner_login_verify_result | {"result":"OK","attempts":1}
[2026-03-04 14:59:26] whatsapp_api_post | {"url":"https:\/\/graph.facebook.com\/v19.0\/636471032888916\/messages","http_code":200,"success":true,"response":{"messaging_product":"whatsapp","contacts":[{"input":"+919423076094","wa_id":"919423076094"}],"messages":[{"id":"wamid.HBgMOTE5NDIzMDc2MDk0FQIAERgSMUQ2NjM2NUVEQzNFNTE0MzY4AA==","message_status":"accepted"}]},"error":null}
[2026-03-04 14:59:26] owner_send_otp | {"phone":"+919423076094","user_id":1059,"provider_ok":true,"provider_resp":{"messaging_product":"whatsapp","contacts":[{"input":"+919423076094","wa_id":"919423076094"}],"messages":[{"id":"wamid.HBgMOTE5NDIzMDc2MDk0FQIAERgSMUQ2NjM2NUVEQzNFNTE0MzY4AA==","message_status":"accepted"}]}}
[2026-03-04 14:59:30] owner_login_verify_result | {"result":"OK","attempts":1}
[2026-03-05 01:41:42] whatsapp_api_post | {"url":"https:\/\/graph.facebook.com\/v19.0\/636471032888916\/messages","http_code":200,"success":true,"response":{"messaging_product":"whatsapp","contacts":[{"input":"+918446881383","wa_id":"918446881383"}],"messages":[{"id":"wamid.HBgMOTE4NDQ2ODgxMzgzFQIAERgSNTM1NUY0NDEzNTlCREFBQjM5AA==","message_status":"accepted"}]},"error":null}
[2026-03-05 01:41:42] owner_send_otp | {"phone":"+918446881383","user_id":1052,"provider_ok":true,"provider_resp":{"messaging_product":"whatsapp","contacts":[{"input":"+918446881383","wa_id":"918446881383"}],"messages":[{"id":"wamid.HBgMOTE4NDQ2ODgxMzgzFQIAERgSNTM1NUY0NDEzNTlCREFBQjM5AA==","message_status":"accepted"}]}}
[2026-03-05 01:41:54] owner_login_verify_result | {"result":"OK","attempts":1}
[2026-03-05 04:06:55] whatsapp_api_post | {"url":"https:\/\/graph.facebook.com\/v19.0\/636471032888916\/messages","http_code":200,"success":true,"response":{"messaging_product":"whatsapp","contacts":[{"input":"+918446881383","wa_id":"918446881383"}],"messages":[{"id":"wamid.HBgMOTE4NDQ2ODgxMzgzFQIAERgSQzcxMkI4MkY0MDk2MkY4RUQ5AA==","message_status":"accepted"}]},"error":null}
[2026-03-05 04:06:55] owner_send_otp | {"phone":"+918446881383","user_id":1052,"provider_ok":true,"provider_resp":{"messaging_product":"whatsapp","contacts":[{"input":"+918446881383","wa_id":"918446881383"}],"messages":[{"id":"wamid.HBgMOTE4NDQ2ODgxMzgzFQIAERgSQzcxMkI4MkY0MDk2MkY4RUQ5AA==","message_status":"accepted"}]}}
[2026-03-05 04:07:07] owner_login_verify_result | {"result":"OK","attempts":1}
[2026-03-05 04:07:23] whatsapp_api_post | {"url":"https:\/\/graph.facebook.com\/v19.0\/636471032888916\/messages","http_code":200,"success":true,"response":{"messaging_product":"whatsapp","contacts":[{"input":"+919096463943","wa_id":"919096463943"}],"messages":[{"id":"wamid.HBgMOTE5MDk2NDYzOTQzFQIAERgSODE0QkMzRjQ1MTgzRDY2RDUzAA==","message_status":"accepted"}]},"error":null}
[2026-03-05 04:07:23] owner_send_otp | {"phone":"+919096463943","user_id":1,"provider_ok":true,"provider_resp":{"messaging_product":"whatsapp","contacts":[{"input":"+919096463943","wa_id":"919096463943"}],"messages":[{"id":"wamid.HBgMOTE5MDk2NDYzOTQzFQIAERgSODE0QkMzRjQ1MTgzRDY2RDUzAA==","message_status":"accepted"}]}}
[2026-03-05 04:07:38] whatsapp_api_post | {"url":"https:\/\/graph.facebook.com\/v19.0\/636471032888916\/messages","http_code":200,"success":true,"response":{"messaging_product":"whatsapp","contacts":[{"input":"+918446881383","wa_id":"918446881383"}],"messages":[{"id":"wamid.HBgMOTE4NDQ2ODgxMzgzFQIAERgSNUJBNTJFODNBNzZEOTcxQjMzAA==","message_status":"accepted"}]},"error":null}
[2026-03-05 04:07:38] owner_send_otp | {"phone":"+918446881383","user_id":1052,"provider_ok":true,"provider_resp":{"messaging_product":"whatsapp","contacts":[{"input":"+918446881383","wa_id":"918446881383"}],"messages":[{"id":"wamid.HBgMOTE4NDQ2ODgxMzgzFQIAERgSNUJBNTJFODNBNzZEOTcxQjMzAA==","message_status":"accepted"}]}}
[2026-03-05 04:07:43] owner_login_verify_result | {"result":"OK","attempts":1}
[2026-03-05 04:07:51] owner_login_verify_result | {"result":"OK","attempts":1}
[2026-03-05 04:26:13] whatsapp_api_post | {"url":"https:\/\/graph.facebook.com\/v19.0\/636471032888916\/messages","http_code":200,"success":true,"response":{"messaging_product":"whatsapp","contacts":[{"input":"+917770007801","wa_id":"917770007801"}],"messages":[{"id":"wamid.HBgMOTE3NzcwMDA3ODAxFQIAERgSQ0MzODg0RTg5QjI0NzgwNEI3AA==","message_status":"accepted"}]},"error":null}
[2026-03-05 04:26:13] reception_send_otp | {"phone":"+917770007801","user_id":1001,"provider_ok":true,"provider_resp":{"messaging_product":"whatsapp","contacts":[{"input":"+917770007801","wa_id":"917770007801"}],"messages":[{"id":"wamid.HBgMOTE3NzcwMDA3ODAxFQIAERgSQ0MzODg0RTg5QjI0NzgwNEI3AA==","message_status":"accepted"}]}}
[2026-03-05 04:45:15] whatsapp_api_post | {"url":"https:\/\/graph.facebook.com\/v19.0\/636471032888916\/messages","http_code":200,"success":true,"response":{"messaging_product":"whatsapp","contacts":[{"input":"+918446881383","wa_id":"918446881383"}],"messages":[{"id":"wamid.HBgMOTE4NDQ2ODgxMzgzFQIAERgSRkEzMDlDNjU5QTk0NUU1N0I1AA==","message_status":"accepted"}]},"error":null}
[2026-03-05 04:45:15] owner_send_otp | {"phone":"+918446881383","user_id":1052,"provider_ok":true,"provider_resp":{"messaging_product":"whatsapp","contacts":[{"input":"+918446881383","wa_id":"918446881383"}],"messages":[{"id":"wamid.HBgMOTE4NDQ2ODgxMzgzFQIAERgSRkEzMDlDNjU5QTk0NUU1N0I1AA==","message_status":"accepted"}]}}
[2026-03-05 04:45:24] owner_login_verify_result | {"result":"OK","attempts":1}
[2026-03-05 04:45:34] whatsapp_api_post | {"url":"https:\/\/graph.facebook.com\/v19.0\/636471032888916\/messages","http_code":200,"success":true,"response":{"messaging_product":"whatsapp","contacts":[{"input":"+918446881383","wa_id":"918446881383"}],"messages":[{"id":"wamid.HBgMOTE4NDQ2ODgxMzgzFQIAERgSRkQ3N0NBMUNGRDY1QjYxOTBCAA==","message_status":"accepted"}]},"error":null}
[2026-03-05 04:45:34] owner_send_otp | {"phone":"+918446881383","user_id":1052,"provider_ok":true,"provider_resp":{"messaging_product":"whatsapp","contacts":[{"input":"+918446881383","wa_id":"918446881383"}],"messages":[{"id":"wamid.HBgMOTE4NDQ2ODgxMzgzFQIAERgSRkQ3N0NBMUNGRDY1QjYxOTBCAA==","message_status":"accepted"}]}}
[2026-03-05 04:45:40] owner_login_verify_result | {"result":"OK","attempts":1}
[2026-03-05 04:46:27] whatsapp_api_post | {"url":"https:\/\/graph.facebook.com\/v19.0\/636471032888916\/messages","http_code":200,"success":true,"response":{"messaging_product":"whatsapp","contacts":[{"input":"+919096463943","wa_id":"919096463943"}],"messages":[{"id":"wamid.HBgMOTE5MDk2NDYzOTQzFQIAERgSM0YwOTc0ODZCRjlEMEI5MEZDAA==","message_status":"accepted"}]},"error":null}
[2026-03-05 04:46:27] reception_send_otp | {"phone":"+919096463943","user_id":1000,"provider_ok":true,"provider_resp":{"messaging_product":"whatsapp","contacts":[{"input":"+919096463943","wa_id":"919096463943"}],"messages":[{"id":"wamid.HBgMOTE5MDk2NDYzOTQzFQIAERgSM0YwOTc0ODZCRjlEMEI5MEZDAA==","message_status":"accepted"}]}}
[2026-03-05 04:46:48] reception_login_verify_result | {"result":"OK","attempts":1}
[2026-03-05 05:41:02] whatsapp_api_post | {"url":"https:\/\/graph.facebook.com\/v19.0\/636471032888916\/messages","http_code":200,"success":true,"response":{"messaging_product":"whatsapp","contacts":[{"input":"+919423076094","wa_id":"919423076094"}],"messages":[{"id":"wamid.HBgMOTE5NDIzMDc2MDk0FQIAERgSRURBQjRERkJDMDg4RDQwRjI2AA==","message_status":"accepted"}]},"error":null}
[2026-03-05 05:41:02] owner_send_otp | {"phone":"+919423076094","user_id":1059,"provider_ok":true,"provider_resp":{"messaging_product":"whatsapp","contacts":[{"input":"+919423076094","wa_id":"919423076094"}],"messages":[{"id":"wamid.HBgMOTE5NDIzMDc2MDk0FQIAERgSRURBQjRERkJDMDg4RDQwRjI2AA==","message_status":"accepted"}]}}
[2026-03-05 05:42:04] whatsapp_api_post | {"url":"https:\/\/graph.facebook.com\/v19.0\/636471032888916\/messages","http_code":200,"success":true,"response":{"messaging_product":"whatsapp","contacts":[{"input":"+919423076094","wa_id":"919423076094"}],"messages":[{"id":"wamid.HBgMOTE5NDIzMDc2MDk0FQIAERgSMTNEQTVDMzg3NTc5MjRERDI1AA==","message_status":"accepted"}]},"error":null}
[2026-03-05 05:42:04] owner_send_otp | {"phone":"+919423076094","user_id":1059,"provider_ok":true,"provider_resp":{"messaging_product":"whatsapp","contacts":[{"input":"+919423076094","wa_id":"919423076094"}],"messages":[{"id":"wamid.HBgMOTE5NDIzMDc2MDk0FQIAERgSMTNEQTVDMzg3NTc5MjRERDI1AA==","message_status":"accepted"}]}}
[2026-03-05 05:42:08] owner_login_verify_result | {"result":"OK","attempts":1}
[2026-03-05 05:44:19] whatsapp_api_post | {"url":"https:\/\/graph.facebook.com\/v19.0\/636471032888916\/messages","http_code":200,"success":true,"response":{"messaging_product":"whatsapp","contacts":[{"input":"+917770007801","wa_id":"917770007801"}],"messages":[{"id":"wamid.HBgMOTE3NzcwMDA3ODAxFQIAERgSOEE3MDcyODEyM0YxRUQxMUE2AA==","message_status":"accepted"}]},"error":null}
[2026-03-05 05:44:19] reception_send_otp | {"phone":"+917770007801","user_id":1001,"provider_ok":true,"provider_resp":{"messaging_product":"whatsapp","contacts":[{"input":"+917770007801","wa_id":"917770007801"}],"messages":[{"id":"wamid.HBgMOTE3NzcwMDA3ODAxFQIAERgSOEE3MDcyODEyM0YxRUQxMUE2AA==","message_status":"accepted"}]}}
[2026-03-05 05:44:43] reception_login_verify_result | {"result":"OK","attempts":1}
[2026-03-05 11:33:52] whatsapp_api_post | {"url":"https:\/\/graph.facebook.com\/v19.0\/636471032888916\/messages","http_code":200,"success":true,"response":{"messaging_product":"whatsapp","contacts":[{"input":"+919096463943","wa_id":"919096463943"}],"messages":[{"id":"wamid.HBgMOTE5MDk2NDYzOTQzFQIAERgSNDJDRDQ3NEY1MUFBMzQ3MzY2AA==","message_status":"accepted"}]},"error":null}
[2026-03-05 11:33:52] reception_send_otp | {"phone":"+919096463943","user_id":1000,"provider_ok":true,"provider_resp":{"messaging_product":"whatsapp","contacts":[{"input":"+919096463943","wa_id":"919096463943"}],"messages":[{"id":"wamid.HBgMOTE5MDk2NDYzOTQzFQIAERgSNDJDRDQ3NEY1MUFBMzQ3MzY2AA==","message_status":"accepted"}]}}
[2026-03-05 11:33:59] reception_login_verify_result | {"result":"OK","attempts":1}
[2026-03-06 07:16:13] whatsapp_api_post | {"url":"https:\/\/graph.facebook.com\/v19.0\/636471032888916\/messages","http_code":200,"success":true,"response":{"messaging_product":"whatsapp","contacts":[{"input":"+917770007801","wa_id":"917770007801"}],"messages":[{"id":"wamid.HBgMOTE3NzcwMDA3ODAxFQIAERgSRkE0RkY5QTU5QkI4OThCNzVFAA==","message_status":"accepted"}]},"error":null}
[2026-03-06 07:16:13] reception_send_otp | {"phone":"+917770007801","user_id":1001,"provider_ok":true,"provider_resp":{"messaging_product":"whatsapp","contacts":[{"input":"+917770007801","wa_id":"917770007801"}],"messages":[{"id":"wamid.HBgMOTE3NzcwMDA3ODAxFQIAERgSRkE0RkY5QTU5QkI4OThCNzVFAA==","message_status":"accepted"}]}}
[2026-03-06 07:16:33] reception_login_verify_result | {"result":"OK","attempts":1}
[2026-03-06 07:17:25] whatsapp_api_post | {"url":"https:\/\/graph.facebook.com\/v19.0\/636471032888916\/messages","http_code":200,"success":true,"response":{"messaging_product":"whatsapp","contacts":[{"input":"+917770007801","wa_id":"917770007801"}],"messages":[{"id":"wamid.HBgMOTE3NzcwMDA3ODAxFQIAERgSNTBFN0NDMEFDNkE2RjI4NkFDAA==","message_status":"accepted"}]},"error":null}
[2026-03-06 07:17:25] reception_send_otp | {"phone":"+917770007801","user_id":1001,"provider_ok":true,"provider_resp":{"messaging_product":"whatsapp","contacts":[{"input":"+917770007801","wa_id":"917770007801"}],"messages":[{"id":"wamid.HBgMOTE3NzcwMDA3ODAxFQIAERgSNTBFN0NDMEFDNkE2RjI4NkFDAA==","message_status":"accepted"}]}}
[2026-03-06 07:17:54] reception_login_verify_result | {"result":"OK","attempts":1}
[2026-03-06 07:40:09] whatsapp_api_post | {"url":"https:\/\/graph.facebook.com\/v19.0\/636471032888916\/messages","http_code":200,"success":true,"response":{"messaging_product":"whatsapp","contacts":[{"input":"+917770007801","wa_id":"917770007801"}],"messages":[{"id":"wamid.HBgMOTE3NzcwMDA3ODAxFQIAERgSODY0M0NCMTczNEI5QTk2OUFDAA==","message_status":"accepted"}]},"error":null}
[2026-03-06 07:40:09] reception_send_otp | {"phone":"+917770007801","user_id":1001,"provider_ok":true,"provider_resp":{"messaging_product":"whatsapp","contacts":[{"input":"+917770007801","wa_id":"917770007801"}],"messages":[{"id":"wamid.HBgMOTE3NzcwMDA3ODAxFQIAERgSODY0M0NCMTczNEI5QTk2OUFDAA==","message_status":"accepted"}]}}
[2026-03-06 07:40:13] reception_login_verify_result | {"result":"OK","attempts":1}
[2026-03-06 07:44:37] whatsapp_api_post | {"url":"https:\/\/graph.facebook.com\/v19.0\/636471032888916\/messages","http_code":200,"success":true,"response":{"messaging_product":"whatsapp","contacts":[{"input":"+917770007801","wa_id":"917770007801"}],"messages":[{"id":"wamid.HBgMOTE3NzcwMDA3ODAxFQIAERgSMjFBMkQ3MDVBMDQ1MjFGNDQ2AA==","message_status":"accepted"}]},"error":null}
[2026-03-06 07:44:37] reception_send_otp | {"phone":"+917770007801","user_id":1001,"provider_ok":true,"provider_resp":{"messaging_product":"whatsapp","contacts":[{"input":"+917770007801","wa_id":"917770007801"}],"messages":[{"id":"wamid.HBgMOTE3NzcwMDA3ODAxFQIAERgSMjFBMkQ3MDVBMDQ1MjFGNDQ2AA==","message_status":"accepted"}]}}
[2026-03-06 07:44:46] reception_login_verify_result | {"result":"OK","attempts":1}
[2026-03-06 07:54:31] whatsapp_api_post | {"url":"https:\/\/graph.facebook.com\/v19.0\/636471032888916\/messages","http_code":200,"success":true,"response":{"messaging_product":"whatsapp","contacts":[{"input":"+917770007801","wa_id":"917770007801"}],"messages":[{"id":"wamid.HBgMOTE3NzcwMDA3ODAxFQIAERgSQUM5MzBEMjdBODJCOTU1MUQzAA==","message_status":"accepted"}]},"error":null}
[2026-03-06 07:54:31] reception_send_otp | {"phone":"+917770007801","user_id":1001,"provider_ok":true,"provider_resp":{"messaging_product":"whatsapp","contacts":[{"input":"+917770007801","wa_id":"917770007801"}],"messages":[{"id":"wamid.HBgMOTE3NzcwMDA3ODAxFQIAERgSQUM5MzBEMjdBODJCOTU1MUQzAA==","message_status":"accepted"}]}}
[2026-03-06 07:54:37] reception_login_verify_result | {"result":"OK","attempts":1}
[2026-03-06 08:08:22] whatsapp_api_post | {"url":"https:\/\/graph.facebook.com\/v19.0\/636471032888916\/messages","http_code":200,"success":true,"response":{"messaging_product":"whatsapp","contacts":[{"input":"+919423076094","wa_id":"919423076094"}],"messages":[{"id":"wamid.HBgMOTE5NDIzMDc2MDk0FQIAERgSQzZDOTk0MTMxRDVBQkM2NzYyAA==","message_status":"accepted"}]},"error":null}
[2026-03-06 08:08:22] owner_send_otp | {"phone":"+919423076094","user_id":1059,"provider_ok":true,"provider_resp":{"messaging_product":"whatsapp","contacts":[{"input":"+919423076094","wa_id":"919423076094"}],"messages":[{"id":"wamid.HBgMOTE5NDIzMDc2MDk0FQIAERgSQzZDOTk0MTMxRDVBQkM2NzYyAA==","message_status":"accepted"}]}}
[2026-03-06 08:08:26] owner_login_verify_result | {"result":"OK","attempts":1}
[2026-03-06 08:13:46] whatsapp_api_post | {"url":"https:\/\/graph.facebook.com\/v19.0\/636471032888916\/messages","http_code":200,"success":true,"response":{"messaging_product":"whatsapp","contacts":[{"input":"+919423076094","wa_id":"919423076094"}],"messages":[{"id":"wamid.HBgMOTE5NDIzMDc2MDk0FQIAERgSQUU3NUEyQjMzNDNBM0RGNzNEAA==","message_status":"accepted"}]},"error":null}
[2026-03-06 08:13:46] owner_send_otp | {"phone":"+919423076094","user_id":1059,"provider_ok":true,"provider_resp":{"messaging_product":"whatsapp","contacts":[{"input":"+919423076094","wa_id":"919423076094"}],"messages":[{"id":"wamid.HBgMOTE5NDIzMDc2MDk0FQIAERgSQUU3NUEyQjMzNDNBM0RGNzNEAA==","message_status":"accepted"}]}}
[2026-03-06 08:13:51] owner_login_verify_result | {"result":"OK","attempts":1}
[2026-03-06 08:24:31] whatsapp_api_post | {"url":"https:\/\/graph.facebook.com\/v19.0\/636471032888916\/messages","http_code":200,"success":true,"response":{"messaging_product":"whatsapp","contacts":[{"input":"+917770007801","wa_id":"917770007801"}],"messages":[{"id":"wamid.HBgMOTE3NzcwMDA3ODAxFQIAERgSODBCODE2RjA5NERDNDEwODY4AA==","message_status":"accepted"}]},"error":null}
[2026-03-06 08:24:31] reception_send_otp | {"phone":"+917770007801","user_id":1001,"provider_ok":true,"provider_resp":{"messaging_product":"whatsapp","contacts":[{"input":"+917770007801","wa_id":"917770007801"}],"messages":[{"id":"wamid.HBgMOTE3NzcwMDA3ODAxFQIAERgSODBCODE2RjA5NERDNDEwODY4AA==","message_status":"accepted"}]}}
[2026-03-06 08:24:35] reception_login_verify_result | {"result":"OK","attempts":1}
[2026-03-06 08:38:49] whatsapp_api_post | {"url":"https:\/\/graph.facebook.com\/v19.0\/636471032888916\/messages","http_code":200,"success":true,"response":{"messaging_product":"whatsapp","contacts":[{"input":"+917770007801","wa_id":"917770007801"}],"messages":[{"id":"wamid.HBgMOTE3NzcwMDA3ODAxFQIAERgSNDlDMzhDNTRCRjNCODg4MzRBAA==","message_status":"accepted"}]},"error":null}
[2026-03-06 08:38:49] reception_send_otp | {"phone":"+917770007801","user_id":1001,"provider_ok":true,"provider_resp":{"messaging_product":"whatsapp","contacts":[{"input":"+917770007801","wa_id":"917770007801"}],"messages":[{"id":"wamid.HBgMOTE3NzcwMDA3ODAxFQIAERgSNDlDMzhDNTRCRjNCODg4MzRBAA==","message_status":"accepted"}]}}
[2026-03-06 08:38:53] reception_login_verify_result | {"result":"OK","attempts":1}
[2026-03-06 09:00:13] whatsapp_api_post | {"url":"https:\/\/graph.facebook.com\/v19.0\/636471032888916\/messages","http_code":200,"success":true,"response":{"messaging_product":"whatsapp","contacts":[{"input":"+917770007801","wa_id":"917770007801"}],"messages":[{"id":"wamid.HBgMOTE3NzcwMDA3ODAxFQIAERgSNUQwNTNCNkRBODU1Njg5NkM1AA==","message_status":"accepted"}]},"error":null}
[2026-03-06 09:00:13] reception_send_otp | {"phone":"+917770007801","user_id":1001,"provider_ok":true,"provider_resp":{"messaging_product":"whatsapp","contacts":[{"input":"+917770007801","wa_id":"917770007801"}],"messages":[{"id":"wamid.HBgMOTE3NzcwMDA3ODAxFQIAERgSNUQwNTNCNkRBODU1Njg5NkM1AA==","message_status":"accepted"}]}}
[2026-03-06 09:00:16] reception_login_verify_result | {"result":"OK","attempts":1}
[2026-03-06 09:05:33] whatsapp_api_post | {"url":"https:\/\/graph.facebook.com\/v19.0\/636471032888916\/messages","http_code":200,"success":true,"response":{"messaging_product":"whatsapp","contacts":[{"input":"+917770007801","wa_id":"917770007801"}],"messages":[{"id":"wamid.HBgMOTE3NzcwMDA3ODAxFQIAERgSRTg3MkQwRDc3OEY3MDc2RjRDAA==","message_status":"accepted"}]},"error":null}
[2026-03-06 09:05:33] reception_send_otp | {"phone":"+917770007801","user_id":1001,"provider_ok":true,"provider_resp":{"messaging_product":"whatsapp","contacts":[{"input":"+917770007801","wa_id":"917770007801"}],"messages":[{"id":"wamid.HBgMOTE3NzcwMDA3ODAxFQIAERgSRTg3MkQwRDc3OEY3MDc2RjRDAA==","message_status":"accepted"}]}}
[2026-03-06 09:05:39] reception_login_verify_result | {"result":"OK","attempts":1}
[2026-03-06 09:25:35] whatsapp_api_post | {"url":"https:\/\/graph.facebook.com\/v19.0\/636471032888916\/messages","http_code":200,"success":true,"response":{"messaging_product":"whatsapp","contacts":[{"input":"+919096463943","wa_id":"919096463943"}],"messages":[{"id":"wamid.HBgMOTE5MDk2NDYzOTQzFQIAERgSQTFGNEFCQTU0NzdGMjBGMTJEAA==","message_status":"accepted"}]},"error":null}
[2026-03-06 09:25:35] owner_send_otp | {"phone":"+919096463943","user_id":1,"provider_ok":true,"provider_resp":{"messaging_product":"whatsapp","contacts":[{"input":"+919096463943","wa_id":"919096463943"}],"messages":[{"id":"wamid.HBgMOTE5MDk2NDYzOTQzFQIAERgSQTFGNEFCQTU0NzdGMjBGMTJEAA==","message_status":"accepted"}]}}
[2026-03-06 09:26:29] owner_login_verify_result | {"result":"OK","attempts":1}
[2026-03-10 04:45:52] whatsapp_api_post | {"url":"https:\/\/graph.facebook.com\/v19.0\/636471032888916\/messages","http_code":200,"success":true,"response":{"messaging_product":"whatsapp","contacts":[{"input":"+919096463943","wa_id":"919096463943"}],"messages":[{"id":"wamid.HBgMOTE5MDk2NDYzOTQzFQIAERgSMDQ4OTEyM0VBNzFBNzJCMDY0AA==","message_status":"accepted"}]},"error":null}
[2026-03-10 04:45:52] reception_send_otp | {"phone":"+919096463943","user_id":1000,"provider_ok":true,"provider_resp":{"messaging_product":"whatsapp","contacts":[{"input":"+919096463943","wa_id":"919096463943"}],"messages":[{"id":"wamid.HBgMOTE5MDk2NDYzOTQzFQIAERgSMDQ4OTEyM0VBNzFBNzJCMDY0AA==","message_status":"accepted"}]}}
[2026-03-10 04:46:06] reception_login_verify_result | {"result":"OK","attempts":1}
[2026-03-10 04:55:42] whatsapp_api_post | {"url":"https:\/\/graph.facebook.com\/v19.0\/636471032888916\/messages","http_code":200,"success":true,"response":{"messaging_product":"whatsapp","contacts":[{"input":"+919096463943","wa_id":"919096463943"}],"messages":[{"id":"wamid.HBgMOTE5MDk2NDYzOTQzFQIAERgSODI2RUREMDc3RUIxODE3NzI0AA==","message_status":"accepted"}]},"error":null}
[2026-03-10 04:55:42] reception_send_otp | {"phone":"+919096463943","user_id":1000,"provider_ok":true,"provider_resp":{"messaging_product":"whatsapp","contacts":[{"input":"+919096463943","wa_id":"919096463943"}],"messages":[{"id":"wamid.HBgMOTE5MDk2NDYzOTQzFQIAERgSODI2RUREMDc3RUIxODE3NzI0AA==","message_status":"accepted"}]}}
[2026-03-10 04:55:58] reception_login_verify_result | {"result":"OK","attempts":1}
[2026-03-10 06:12:48] whatsapp_api_post | {"url":"https:\/\/graph.facebook.com\/v19.0\/636471032888916\/messages","http_code":200,"success":true,"response":{"messaging_product":"whatsapp","contacts":[{"input":"+919096463943","wa_id":"919096463943"}],"messages":[{"id":"wamid.HBgMOTE5MDk2NDYzOTQzFQIAERgSQTc5N0E5MEU0MDdFQTgwMjMyAA==","message_status":"accepted"}]},"error":null}
[2026-03-10 06:12:48] owner_send_otp | {"phone":"+919096463943","user_id":1,"provider_ok":true,"provider_resp":{"messaging_product":"whatsapp","contacts":[{"input":"+919096463943","wa_id":"919096463943"}],"messages":[{"id":"wamid.HBgMOTE5MDk2NDYzOTQzFQIAERgSQTc5N0E5MEU0MDdFQTgwMjMyAA==","message_status":"accepted"}]}}
[2026-03-10 06:12:59] owner_login_verify_result | {"result":"OK","attempts":1}
[2026-03-10 07:05:25] whatsapp_api_post | {"url":"https:\/\/graph.facebook.com\/v19.0\/636471032888916\/messages","http_code":200,"success":true,"response":{"messaging_product":"whatsapp","contacts":[{"input":"+919096463943","wa_id":"919096463943"}],"messages":[{"id":"wamid.HBgMOTE5MDk2NDYzOTQzFQIAERgSMzIyMkUzMEIwOTg0MDU0OEI0AA==","message_status":"accepted"}]},"error":null}
[2026-03-10 07:05:25] reception_send_otp | {"phone":"+919096463943","user_id":1000,"provider_ok":true,"provider_resp":{"messaging_product":"whatsapp","contacts":[{"input":"+919096463943","wa_id":"919096463943"}],"messages":[{"id":"wamid.HBgMOTE5MDk2NDYzOTQzFQIAERgSMzIyMkUzMEIwOTg0MDU0OEI0AA==","message_status":"accepted"}]}}
[2026-03-10 07:06:02] reception_login_verify_result | {"result":"OK","attempts":1}
[2026-03-11 04:36:42] whatsapp_api_post | {"url":"https:\/\/graph.facebook.com\/v19.0\/636471032888916\/messages","http_code":200,"success":true,"response":{"messaging_product":"whatsapp","contacts":[{"input":"+919096463943","wa_id":"919096463943"}],"messages":[{"id":"wamid.HBgMOTE5MDk2NDYzOTQzFQIAERgSMDBFMjlENTFCRTU5Q0RFMDZFAA==","message_status":"accepted"}]},"error":null}
[2026-03-11 04:36:42] owner_send_otp | {"phone":"+919096463943","user_id":1,"provider_ok":true,"provider_resp":{"messaging_product":"whatsapp","contacts":[{"input":"+919096463943","wa_id":"919096463943"}],"messages":[{"id":"wamid.HBgMOTE5MDk2NDYzOTQzFQIAERgSMDBFMjlENTFCRTU5Q0RFMDZFAA==","message_status":"accepted"}]}}
[2026-03-11 04:36:53] owner_login_verify_result | {"result":"OK","attempts":1}
[2026-03-11 07:46:16] whatsapp_api_post | {"url":"https:\/\/graph.facebook.com\/v19.0\/636471032888916\/messages","http_code":200,"success":true,"response":{"messaging_product":"whatsapp","contacts":[{"input":"+917770007801","wa_id":"917770007801"}],"messages":[{"id":"wamid.HBgMOTE3NzcwMDA3ODAxFQIAERgSMzEwQTlGOTkxMTExRTBCMTQzAA==","message_status":"accepted"}]},"error":null}
[2026-03-11 07:46:16] reception_send_otp | {"phone":"+917770007801","user_id":1001,"provider_ok":true,"provider_resp":{"messaging_product":"whatsapp","contacts":[{"input":"+917770007801","wa_id":"917770007801"}],"messages":[{"id":"wamid.HBgMOTE3NzcwMDA3ODAxFQIAERgSMzEwQTlGOTkxMTExRTBCMTQzAA==","message_status":"accepted"}]}}
[2026-03-11 07:47:19] whatsapp_api_post | {"url":"https:\/\/graph.facebook.com\/v19.0\/636471032888916\/messages","http_code":200,"success":true,"response":{"messaging_product":"whatsapp","contacts":[{"input":"+917770007801","wa_id":"917770007801"}],"messages":[{"id":"wamid.HBgMOTE3NzcwMDA3ODAxFQIAERgSNDZDMkY4M0Q0N0U5QkZDQjkwAA==","message_status":"accepted"}]},"error":null}
[2026-03-11 07:47:19] reception_resend_otp | {"phone":"+917770007801","user_id":1001,"provider_ok":true}
[2026-03-11 07:47:46] reception_login_verify_result | {"result":"OK","attempts":1}
[2026-03-12 04:26:40] whatsapp_api_post | {"url":"https:\/\/graph.facebook.com\/v19.0\/636471032888916\/messages","http_code":200,"success":true,"response":{"messaging_product":"whatsapp","contacts":[{"input":"+919096463943","wa_id":"919096463943"}],"messages":[{"id":"wamid.HBgMOTE5MDk2NDYzOTQzFQIAERgSODY4MDNCQkE5RUQ4NjMzNTg2AA==","message_status":"accepted"}]},"error":null}
[2026-03-12 04:26:40] owner_send_otp | {"phone":"+919096463943","user_id":1,"provider_ok":true,"provider_resp":{"messaging_product":"whatsapp","contacts":[{"input":"+919096463943","wa_id":"919096463943"}],"messages":[{"id":"wamid.HBgMOTE5MDk2NDYzOTQzFQIAERgSODY4MDNCQkE5RUQ4NjMzNTg2AA==","message_status":"accepted"}]}}
[2026-03-12 05:51:16] whatsapp_api_post | {"url":"https:\/\/graph.facebook.com\/v19.0\/636471032888916\/messages","http_code":200,"success":true,"response":{"messaging_product":"whatsapp","contacts":[{"input":"+919096463943","wa_id":"919096463943"}],"messages":[{"id":"wamid.HBgMOTE5MDk2NDYzOTQzFQIAERgSNTM2MTQyREE1QzQxQzBCMjVFAA==","message_status":"accepted"}]},"error":null}
[2026-03-12 05:51:16] owner_send_otp | {"phone":"+919096463943","user_id":1,"provider_ok":true,"provider_resp":{"messaging_product":"whatsapp","contacts":[{"input":"+919096463943","wa_id":"919096463943"}],"messages":[{"id":"wamid.HBgMOTE5MDk2NDYzOTQzFQIAERgSNTM2MTQyREE1QzQxQzBCMjVFAA==","message_status":"accepted"}]}}
[2026-03-12 05:51:23] owner_login_verify_result | {"result":"OK","attempts":1}
[2026-03-12 07:33:20] whatsapp_api_post | {"url":"https:\/\/graph.facebook.com\/v19.0\/636471032888916\/messages","http_code":200,"success":true,"response":{"messaging_product":"whatsapp","contacts":[{"input":"+919096463943","wa_id":"919096463943"}],"messages":[{"id":"wamid.HBgMOTE5MDk2NDYzOTQzFQIAERgSRDkyMEQxMkI4NDQwOEQ5OTkyAA==","message_status":"accepted"}]},"error":null}
[2026-03-12 07:33:20] owner_send_otp | {"phone":"+919096463943","user_id":1,"provider_ok":true,"provider_resp":{"messaging_product":"whatsapp","contacts":[{"input":"+919096463943","wa_id":"919096463943"}],"messages":[{"id":"wamid.HBgMOTE5MDk2NDYzOTQzFQIAERgSRDkyMEQxMkI4NDQwOEQ5OTkyAA==","message_status":"accepted"}]}}
[2026-03-12 07:33:42] owner_login_verify_result | {"result":"OK","attempts":1}
[2026-03-12 16:00:42] whatsapp_api_post | {"url":"https:\/\/graph.facebook.com\/v19.0\/636471032888916\/messages","http_code":200,"success":true,"response":{"messaging_product":"whatsapp","contacts":[{"input":"+919096463943","wa_id":"919096463943"}],"messages":[{"id":"wamid.HBgMOTE5MDk2NDYzOTQzFQIAERgSMzE1NTBGOUE2QUYwRUQ4QzA4AA==","message_status":"accepted"}]},"error":null}
[2026-03-12 16:00:42] owner_send_otp | {"phone":"+919096463943","user_id":1,"provider_ok":true,"provider_resp":{"messaging_product":"whatsapp","contacts":[{"input":"+919096463943","wa_id":"919096463943"}],"messages":[{"id":"wamid.HBgMOTE5MDk2NDYzOTQzFQIAERgSMzE1NTBGOUE2QUYwRUQ4QzA4AA==","message_status":"accepted"}]}}
[2026-03-12 16:01:10] owner_login_verify_result | {"result":"OK","attempts":1}
[2026-03-13 04:18:45] whatsapp_api_post | {"url":"https:\/\/graph.facebook.com\/v19.0\/636471032888916\/messages","http_code":200,"success":true,"response":{"messaging_product":"whatsapp","contacts":[{"input":"+919096463943","wa_id":"919096463943"}],"messages":[{"id":"wamid.HBgMOTE5MDk2NDYzOTQzFQIAERgSOEZERDAzQ0U3MjNDMTZEQkY5AA==","message_status":"accepted"}]},"error":null}
[2026-03-13 04:18:45] owner_send_otp | {"phone":"+919096463943","user_id":1,"provider_ok":true,"provider_resp":{"messaging_product":"whatsapp","contacts":[{"input":"+919096463943","wa_id":"919096463943"}],"messages":[{"id":"wamid.HBgMOTE5MDk2NDYzOTQzFQIAERgSOEZERDAzQ0U3MjNDMTZEQkY5AA==","message_status":"accepted"}]}}
[2026-03-13 04:18:57] owner_login_verify_result | {"result":"OK","attempts":1}
[2026-03-13 15:25:21] whatsapp_api_post | {"url":"https:\/\/graph.facebook.com\/v19.0\/636471032888916\/messages","http_code":200,"success":true,"response":{"messaging_product":"whatsapp","contacts":[{"input":"+919096463943","wa_id":"919096463943"}],"messages":[{"id":"wamid.HBgMOTE5MDk2NDYzOTQzFQIAERgSNjQzRDMzRDEyMTBDMTg2NjEwAA==","message_status":"accepted"}]},"error":null}
[2026-03-13 15:25:21] owner_send_otp | {"phone":"+919096463943","user_id":1,"provider_ok":true,"provider_resp":{"messaging_product":"whatsapp","contacts":[{"input":"+919096463943","wa_id":"919096463943"}],"messages":[{"id":"wamid.HBgMOTE5MDk2NDYzOTQzFQIAERgSNjQzRDMzRDEyMTBDMTg2NjEwAA==","message_status":"accepted"}]}}
[2026-03-13 15:25:37] owner_login_verify_result | {"result":"OK","attempts":1}
[2026-03-14 05:45:47] whatsapp_api_post | {"url":"https:\/\/graph.facebook.com\/v19.0\/636471032888916\/messages","http_code":200,"success":true,"response":{"messaging_product":"whatsapp","contacts":[{"input":"+917770007801","wa_id":"917770007801"}],"messages":[{"id":"wamid.HBgMOTE3NzcwMDA3ODAxFQIAERgSMENDNjM2NzBFQjgxNDJBM0EyAA==","message_status":"accepted"}]},"error":null}
[2026-03-14 05:45:47] reception_send_otp | {"phone":"+917770007801","user_id":1001,"provider_ok":true,"provider_resp":{"messaging_product":"whatsapp","contacts":[{"input":"+917770007801","wa_id":"917770007801"}],"messages":[{"id":"wamid.HBgMOTE3NzcwMDA3ODAxFQIAERgSMENDNjM2NzBFQjgxNDJBM0EyAA==","message_status":"accepted"}]}}
[2026-03-14 05:46:05] reception_login_verify_result | {"result":"OK","attempts":1}
[2026-03-14 05:53:02] whatsapp_api_post | {"url":"https:\/\/graph.facebook.com\/v19.0\/636471032888916\/messages","http_code":200,"success":true,"response":{"messaging_product":"whatsapp","contacts":[{"input":"+919922199333","wa_id":"919922199333"}],"messages":[{"id":"wamid.HBgMOTE5OTIyMTk5MzMzFQIAERgSMkFFM0FEQkRERDc4QUI2MjYxAA==","message_status":"accepted"}]},"error":null}
[2026-03-14 05:53:02] owner_send_otp | {"phone":"+919922199333","user_id":1060,"provider_ok":true,"provider_resp":{"messaging_product":"whatsapp","contacts":[{"input":"+919922199333","wa_id":"919922199333"}],"messages":[{"id":"wamid.HBgMOTE5OTIyMTk5MzMzFQIAERgSMkFFM0FEQkRERDc4QUI2MjYxAA==","message_status":"accepted"}]}}
[2026-03-14 05:53:12] owner_login_verify_result | {"result":"OK","attempts":1}
[2026-03-14 12:33:53] whatsapp_api_post | {"url":"https:\/\/graph.facebook.com\/v19.0\/636471032888916\/messages","http_code":200,"success":true,"response":{"messaging_product":"whatsapp","contacts":[{"input":"+919096463943","wa_id":"919096463943"}],"messages":[{"id":"wamid.HBgMOTE5MDk2NDYzOTQzFQIAERgSRTlBQTU4MDBCNjgxNDMwQkQyAA==","message_status":"accepted"}]},"error":null}
[2026-03-14 12:33:53] owner_send_otp | {"phone":"+919096463943","user_id":1,"provider_ok":true,"provider_resp":{"messaging_product":"whatsapp","contacts":[{"input":"+919096463943","wa_id":"919096463943"}],"messages":[{"id":"wamid.HBgMOTE5MDk2NDYzOTQzFQIAERgSRTlBQTU4MDBCNjgxNDMwQkQyAA==","message_status":"accepted"}]}}
[2026-03-14 12:34:06] owner_login_verify_result | {"result":"FAIL","attempts":1}
[2026-03-14 12:34:11] owner_login_verify_result | {"result":"OK","attempts":2}
[2026-03-14 12:36:56] whatsapp_api_post | {"url":"https:\/\/graph.facebook.com\/v19.0\/636471032888916\/messages","http_code":200,"success":true,"response":{"messaging_product":"whatsapp","contacts":[{"input":"+919096463943","wa_id":"919096463943"}],"messages":[{"id":"wamid.HBgMOTE5MDk2NDYzOTQzFQIAERgSNUFDOUFFNUEyNDk1OTg0NzUzAA==","message_status":"accepted"}]},"error":null}
[2026-03-14 12:36:56] reception_send_otp | {"phone":"+919096463943","user_id":1000,"provider_ok":true,"provider_resp":{"messaging_product":"whatsapp","contacts":[{"input":"+919096463943","wa_id":"919096463943"}],"messages":[{"id":"wamid.HBgMOTE5MDk2NDYzOTQzFQIAERgSNUFDOUFFNUEyNDk1OTg0NzUzAA==","message_status":"accepted"}]}}
[2026-03-14 12:37:24] reception_login_verify_result | {"result":"OK","attempts":1}
[2026-03-14 13:02:38] whatsapp_api_post | {"url":"https:\/\/graph.facebook.com\/v19.0\/636471032888916\/messages","http_code":200,"success":true,"response":{"messaging_product":"whatsapp","contacts":[{"input":"+919096463943","wa_id":"919096463943"}],"messages":[{"id":"wamid.HBgMOTE5MDk2NDYzOTQzFQIAERgSNDY0QzFDMkIyRjAyNzIxMDk5AA==","message_status":"accepted"}]},"error":null}
[2026-03-14 13:02:38] accounts_send_otp | {"phone":"+919096463943","user_id":1003,"provider_ok":true,"provider_resp":{"messaging_product":"whatsapp","contacts":[{"input":"+919096463943","wa_id":"919096463943"}],"messages":[{"id":"wamid.HBgMOTE5MDk2NDYzOTQzFQIAERgSNDY0QzFDMkIyRjAyNzIxMDk5AA==","message_status":"accepted"}]}}
[2026-03-14 13:02:47] accounts_login_verify_result | {"result":"FAIL","attempts":1}
[2026-03-14 13:02:52] accounts_login_verify_result | {"result":"OK","attempts":2}
[2026-03-14 15:43:42] whatsapp_api_post | {"url":"https:\/\/graph.facebook.com\/v19.0\/636471032888916\/messages","http_code":200,"success":true,"response":{"messaging_product":"whatsapp","contacts":[{"input":"+919096463943","wa_id":"919096463943"}],"messages":[{"id":"wamid.HBgMOTE5MDk2NDYzOTQzFQIAERgSNDlGMzJDNEVGNEZCQ0M3MDAwAA==","message_status":"accepted"}]},"error":null}
[2026-03-14 15:43:42] owner_send_otp | {"phone":"+919096463943","user_id":1,"provider_ok":true,"provider_resp":{"messaging_product":"whatsapp","contacts":[{"input":"+919096463943","wa_id":"919096463943"}],"messages":[{"id":"wamid.HBgMOTE5MDk2NDYzOTQzFQIAERgSNDlGMzJDNEVGNEZCQ0M3MDAwAA==","message_status":"accepted"}]}}
[2026-03-14 15:43:49] whatsapp_api_post | {"url":"https:\/\/graph.facebook.com\/v19.0\/636471032888916\/messages","http_code":200,"success":true,"response":{"messaging_product":"whatsapp","contacts":[{"input":"+919096463943","wa_id":"919096463943"}],"messages":[{"id":"wamid.HBgMOTE5MDk2NDYzOTQzFQIAERgSNDk4N0IxNUY4OUQ2QUY4OTFBAA==","message_status":"accepted"}]},"error":null}
[2026-03-14 15:43:49] accounts_send_otp | {"phone":"+919096463943","user_id":1003,"provider_ok":true,"provider_resp":{"messaging_product":"whatsapp","contacts":[{"input":"+919096463943","wa_id":"919096463943"}],"messages":[{"id":"wamid.HBgMOTE5MDk2NDYzOTQzFQIAERgSNDk4N0IxNUY4OUQ2QUY4OTFBAA==","message_status":"accepted"}]}}
[2026-03-14 15:44:03] owner_login_verify_result | {"result":"OK","attempts":1}
[2026-03-14 15:44:10] accounts_login_verify_result | {"result":"OK","attempts":1}
[2026-03-14 15:44:18] whatsapp_api_post | {"url":"https:\/\/graph.facebook.com\/v19.0\/636471032888916\/messages","http_code":200,"success":true,"response":{"messaging_product":"whatsapp","contacts":[{"input":"+919096463943","wa_id":"919096463943"}],"messages":[{"id":"wamid.HBgMOTE5MDk2NDYzOTQzFQIAERgSRTgzNjBGQzkzN0MwMTU1MUNEAA==","message_status":"accepted"}]},"error":null}
[2026-03-14 15:44:18] reception_send_otp | {"phone":"+919096463943","user_id":1000,"provider_ok":true,"provider_resp":{"messaging_product":"whatsapp","contacts":[{"input":"+919096463943","wa_id":"919096463943"}],"messages":[{"id":"wamid.HBgMOTE5MDk2NDYzOTQzFQIAERgSRTgzNjBGQzkzN0MwMTU1MUNEAA==","message_status":"accepted"}]}}
[2026-03-14 15:44:25] reception_login_verify_result | {"result":"OK","attempts":1}
[2026-03-14 17:53:12] whatsapp_api_post | {"url":"https:\/\/graph.facebook.com\/v19.0\/636471032888916\/messages","http_code":200,"success":true,"response":{"messaging_product":"whatsapp","contacts":[{"input":"+918446881383","wa_id":"918446881383"}],"messages":[{"id":"wamid.HBgMOTE4NDQ2ODgxMzgzFQIAERgSRDk3MDlFNTBFMjA4NTkyNjE3AA==","message_status":"accepted"}]},"error":null}
[2026-03-14 17:53:12] owner_send_otp | {"phone":"+918446881383","user_id":1052,"provider_ok":true,"provider_resp":{"messaging_product":"whatsapp","contacts":[{"input":"+918446881383","wa_id":"918446881383"}],"messages":[{"id":"wamid.HBgMOTE4NDQ2ODgxMzgzFQIAERgSRDk3MDlFNTBFMjA4NTkyNjE3AA==","message_status":"accepted"}]}}
[2026-03-14 17:53:22] owner_login_verify_result | {"result":"OK","attempts":1}
[2026-03-15 02:21:51] whatsapp_api_post | {"url":"https:\/\/graph.facebook.com\/v19.0\/636471032888916\/messages","http_code":200,"success":true,"response":{"messaging_product":"whatsapp","contacts":[{"input":"+918446881383","wa_id":"918446881383"}],"messages":[{"id":"wamid.HBgMOTE4NDQ2ODgxMzgzFQIAERgSM0U2NTk4MUYxMDRCMERFOEE5AA==","message_status":"accepted"}]},"error":null}
[2026-03-15 02:21:51] reception_send_otp | {"phone":"+918446881383","user_id":1073,"provider_ok":true,"provider_resp":{"messaging_product":"whatsapp","contacts":[{"input":"+918446881383","wa_id":"918446881383"}],"messages":[{"id":"wamid.HBgMOTE4NDQ2ODgxMzgzFQIAERgSM0U2NTk4MUYxMDRCMERFOEE5AA==","message_status":"accepted"}]}}
[2026-03-15 02:21:57] reception_login_verify_result | {"result":"OK","attempts":1}
[2026-03-15 10:26:05] whatsapp_api_post | {"url":"https:\/\/graph.facebook.com\/v19.0\/636471032888916\/messages","http_code":200,"success":true,"response":{"messaging_product":"whatsapp","contacts":[{"input":"+919096463943","wa_id":"919096463943"}],"messages":[{"id":"wamid.HBgMOTE5MDk2NDYzOTQzFQIAERgSMEMxODgzNTFBRUUxMDk1NjhDAA==","message_status":"accepted"}]},"error":null}
[2026-03-15 10:26:05] reception_send_otp | {"phone":"+919096463943","user_id":1000,"provider_ok":true,"provider_resp":{"messaging_product":"whatsapp","contacts":[{"input":"+919096463943","wa_id":"919096463943"}],"messages":[{"id":"wamid.HBgMOTE5MDk2NDYzOTQzFQIAERgSMEMxODgzNTFBRUUxMDk1NjhDAA==","message_status":"accepted"}]}}
[2026-03-15 10:26:10] whatsapp_api_post | {"url":"https:\/\/graph.facebook.com\/v19.0\/636471032888916\/messages","http_code":200,"success":true,"response":{"messaging_product":"whatsapp","contacts":[{"input":"+919096463943","wa_id":"919096463943"}],"messages":[{"id":"wamid.HBgMOTE5MDk2NDYzOTQzFQIAERgSNjExQjA3QzQxQzQ4MkNGMjZCAA==","message_status":"accepted"}]},"error":null}
[2026-03-15 10:26:11] accounts_send_otp | {"phone":"+919096463943","user_id":1003,"provider_ok":true,"provider_resp":{"messaging_product":"whatsapp","contacts":[{"input":"+919096463943","wa_id":"919096463943"}],"messages":[{"id":"wamid.HBgMOTE5MDk2NDYzOTQzFQIAERgSNjExQjA3QzQxQzQ4MkNGMjZCAA==","message_status":"accepted"}]}}
[2026-03-15 10:26:36] accounts_login_verify_result | {"result":"FAIL","attempts":1}
[2026-03-15 10:26:47] accounts_login_verify_result | {"result":"OK","attempts":2}
[2026-03-15 10:26:54] reception_login_verify_result | {"result":"OK","attempts":1}
[2026-03-15 16:51:49] whatsapp_api_post | {"url":"https:\/\/graph.facebook.com\/v19.0\/636471032888916\/messages","http_code":200,"success":true,"response":{"messaging_product":"whatsapp","contacts":[{"input":"+919096463943","wa_id":"919096463943"}],"messages":[{"id":"wamid.HBgMOTE5MDk2NDYzOTQzFQIAERgSNzc1QUYxNUUyM0Y1MjRDQUQ0AA==","message_status":"accepted"}]},"error":null}
[2026-03-15 16:51:49] owner_send_otp | {"phone":"+919096463943","user_id":1,"provider_ok":true,"provider_resp":{"messaging_product":"whatsapp","contacts":[{"input":"+919096463943","wa_id":"919096463943"}],"messages":[{"id":"wamid.HBgMOTE5MDk2NDYzOTQzFQIAERgSNzc1QUYxNUUyM0Y1MjRDQUQ0AA==","message_status":"accepted"}]}}
[2026-03-16 02:14:27] whatsapp_api_post | {"url":"https:\/\/graph.facebook.com\/v19.0\/636471032888916\/messages","http_code":200,"success":true,"response":{"messaging_product":"whatsapp","contacts":[{"input":"+918446881383","wa_id":"918446881383"}],"messages":[{"id":"wamid.HBgMOTE4NDQ2ODgxMzgzFQIAERgSODkwNTUxNDA0Mzg4RjRGQkM2AA==","message_status":"accepted"}]},"error":null}
[2026-03-16 02:14:27] reception_send_otp | {"phone":"+918446881383","user_id":1073,"provider_ok":true,"provider_resp":{"messaging_product":"whatsapp","contacts":[{"input":"+918446881383","wa_id":"918446881383"}],"messages":[{"id":"wamid.HBgMOTE4NDQ2ODgxMzgzFQIAERgSODkwNTUxNDA0Mzg4RjRGQkM2AA==","message_status":"accepted"}]}}
[2026-03-16 02:14:31] reception_login_verify_result | {"result":"OK","attempts":1}
[2026-03-16 03:03:03] whatsapp_api_post | {"url":"https:\/\/graph.facebook.com\/v19.0\/636471032888916\/messages","http_code":200,"success":true,"response":{"messaging_product":"whatsapp","contacts":[{"input":"+919096463943","wa_id":"919096463943"}],"messages":[{"id":"wamid.HBgMOTE5MDk2NDYzOTQzFQIAERgSNDAwQ0U4RDE5RUNDRDM5RjRDAA==","message_status":"accepted"}]},"error":null}
[2026-03-16 03:03:03] reception_send_otp | {"phone":"+919096463943","user_id":1000,"provider_ok":true,"provider_resp":{"messaging_product":"whatsapp","contacts":[{"input":"+919096463943","wa_id":"919096463943"}],"messages":[{"id":"wamid.HBgMOTE5MDk2NDYzOTQzFQIAERgSNDAwQ0U4RDE5RUNDRDM5RjRDAA==","message_status":"accepted"}]}}
[2026-03-16 03:03:24] reception_login_verify_result | {"result":"OK","attempts":1}
[2026-03-16 03:06:15] whatsapp_api_post | {"url":"https:\/\/graph.facebook.com\/v19.0\/636471032888916\/messages","http_code":200,"success":true,"response":{"messaging_product":"whatsapp","contacts":[{"input":"+919096463943","wa_id":"919096463943"}],"messages":[{"id":"wamid.HBgMOTE5MDk2NDYzOTQzFQIAERgSRDM0ODhBQkU1OEExRkZENkIwAA==","message_status":"accepted"}]},"error":null}
[2026-03-16 03:06:15] owner_send_otp | {"phone":"+919096463943","user_id":1,"provider_ok":true,"provider_resp":{"messaging_product":"whatsapp","contacts":[{"input":"+919096463943","wa_id":"919096463943"}],"messages":[{"id":"wamid.HBgMOTE5MDk2NDYzOTQzFQIAERgSRDM0ODhBQkU1OEExRkZENkIwAA==","message_status":"accepted"}]}}
[2026-03-16 03:06:23] owner_login_verify_result | {"result":"OK","attempts":1}
[2026-03-16 15:42:10] whatsapp_api_post | {"url":"https:\/\/graph.facebook.com\/v19.0\/636471032888916\/messages","http_code":200,"success":true,"response":{"messaging_product":"whatsapp","contacts":[{"input":"+919096463943","wa_id":"919096463943"}],"messages":[{"id":"wamid.HBgMOTE5MDk2NDYzOTQzFQIAERgSQjg1RDE2REFFQTIyRUExNTkzAA==","message_status":"accepted"}]},"error":null}
[2026-03-16 15:42:10] owner_send_otp | {"phone":"+919096463943","user_id":1,"provider_ok":true,"provider_resp":{"messaging_product":"whatsapp","contacts":[{"input":"+919096463943","wa_id":"919096463943"}],"messages":[{"id":"wamid.HBgMOTE5MDk2NDYzOTQzFQIAERgSQjg1RDE2REFFQTIyRUExNTkzAA==","message_status":"accepted"}]}}
[2026-03-16 15:43:00] whatsapp_api_post | {"url":"https:\/\/graph.facebook.com\/v19.0\/636471032888916\/messages","http_code":200,"success":true,"response":{"messaging_product":"whatsapp","contacts":[{"input":"+919096463943","wa_id":"919096463943"}],"messages":[{"id":"wamid.HBgMOTE5MDk2NDYzOTQzFQIAERgSN0IxMjJBQjEyQTFDN0I2OTQ2AA==","message_status":"accepted"}]},"error":null}
[2026-03-16 15:43:00] owner_send_otp | {"phone":"+919096463943","user_id":1,"provider_ok":true,"provider_resp":{"messaging_product":"whatsapp","contacts":[{"input":"+919096463943","wa_id":"919096463943"}],"messages":[{"id":"wamid.HBgMOTE5MDk2NDYzOTQzFQIAERgSN0IxMjJBQjEyQTFDN0I2OTQ2AA==","message_status":"accepted"}]}}
[2026-03-16 15:43:04] owner_login_verify_result | {"result":"OK","attempts":1}
[2026-03-16 15:43:11] owner_login_verify_result | {"result":"OK","attempts":1}
[2026-03-17 03:46:27] whatsapp_api_post | {"url":"https:\/\/graph.facebook.com\/v19.0\/636471032888916\/messages","http_code":200,"success":true,"response":{"messaging_product":"whatsapp","contacts":[{"input":"+919096463943","wa_id":"919096463943"}],"messages":[{"id":"wamid.HBgMOTE5MDk2NDYzOTQzFQIAERgSRjk5MkREMjhDRDEzN0VGMUU5AA==","message_status":"accepted"}]},"error":null}
[2026-03-17 03:46:27] owner_send_otp | {"phone":"+919096463943","user_id":1,"provider_ok":true,"provider_resp":{"messaging_product":"whatsapp","contacts":[{"input":"+919096463943","wa_id":"919096463943"}],"messages":[{"id":"wamid.HBgMOTE5MDk2NDYzOTQzFQIAERgSRjk5MkREMjhDRDEzN0VGMUU5AA==","message_status":"accepted"}]}}
[2026-03-17 03:46:37] owner_login_verify_result | {"result":"OK","attempts":1}
[2026-03-17 04:56:38] whatsapp_api_post | {"url":"https:\/\/graph.facebook.com\/v19.0\/636471032888916\/messages","http_code":200,"success":true,"response":{"messaging_product":"whatsapp","contacts":[{"input":"+919423076094","wa_id":"919423076094"}],"messages":[{"id":"wamid.HBgMOTE5NDIzMDc2MDk0FQIAERgSMTY4Q0E4NDJDNEZGMkE4ODcwAA==","message_status":"accepted"}]},"error":null}
[2026-03-17 04:56:38] owner_send_otp | {"phone":"+919423076094","user_id":1059,"provider_ok":true,"provider_resp":{"messaging_product":"whatsapp","contacts":[{"input":"+919423076094","wa_id":"919423076094"}],"messages":[{"id":"wamid.HBgMOTE5NDIzMDc2MDk0FQIAERgSMTY4Q0E4NDJDNEZGMkE4ODcwAA==","message_status":"accepted"}]}}
[2026-03-17 04:56:43] owner_login_verify_result | {"result":"OK","attempts":1}
[2026-03-17 04:57:53] whatsapp_api_post | {"url":"https:\/\/graph.facebook.com\/v19.0\/636471032888916\/messages","http_code":200,"success":true,"response":{"messaging_product":"whatsapp","contacts":[{"input":"+919423076094","wa_id":"919423076094"}],"messages":[{"id":"wamid.HBgMOTE5NDIzMDc2MDk0FQIAERgSQkUyRjYzQTU2NjlEMjBBNjk4AA==","message_status":"accepted"}]},"error":null}
[2026-03-17 04:57:53] owner_send_otp | {"phone":"+919423076094","user_id":1059,"provider_ok":true,"provider_resp":{"messaging_product":"whatsapp","contacts":[{"input":"+919423076094","wa_id":"919423076094"}],"messages":[{"id":"wamid.HBgMOTE5NDIzMDc2MDk0FQIAERgSQkUyRjYzQTU2NjlEMjBBNjk4AA==","message_status":"accepted"}]}}
[2026-03-17 04:57:58] owner_login_verify_result | {"result":"OK","attempts":1}
[2026-03-17 12:07:00] whatsapp_api_post | {"url":"https:\/\/graph.facebook.com\/v19.0\/636471032888916\/messages","http_code":200,"success":true,"response":{"messaging_product":"whatsapp","contacts":[{"input":"+919096463943","wa_id":"919096463943"}],"messages":[{"id":"wamid.HBgMOTE5MDk2NDYzOTQzFQIAERgSQzIwQTIzQTVFRjJGNDc5NDQ1AA==","message_status":"accepted"}]},"error":null}
[2026-03-17 12:07:00] owner_send_otp | {"phone":"+919096463943","user_id":1,"provider_ok":true,"provider_resp":{"messaging_product":"whatsapp","contacts":[{"input":"+919096463943","wa_id":"919096463943"}],"messages":[{"id":"wamid.HBgMOTE5MDk2NDYzOTQzFQIAERgSQzIwQTIzQTVFRjJGNDc5NDQ1AA==","message_status":"accepted"}]}}
[2026-03-17 12:07:32] owner_login_verify_result | {"result":"OK","attempts":1}
[2026-03-17 12:08:15] whatsapp_api_post | {"url":"https:\/\/graph.facebook.com\/v19.0\/636471032888916\/messages","http_code":200,"success":true,"response":{"messaging_product":"whatsapp","contacts":[{"input":"+919096463943","wa_id":"919096463943"}],"messages":[{"id":"wamid.HBgMOTE5MDk2NDYzOTQzFQIAERgSNTg1Mjg1NTM3NzU1QjdGQjAyAA==","message_status":"accepted"}]},"error":null}
[2026-03-17 12:08:15] accounts_send_otp | {"phone":"+919096463943","user_id":1003,"provider_ok":true,"provider_resp":{"messaging_product":"whatsapp","contacts":[{"input":"+919096463943","wa_id":"919096463943"}],"messages":[{"id":"wamid.HBgMOTE5MDk2NDYzOTQzFQIAERgSNTg1Mjg1NTM3NzU1QjdGQjAyAA==","message_status":"accepted"}]}}
[2026-03-17 12:08:22] accounts_login_verify_result | {"result":"OK","attempts":1}
[2026-03-17 12:08:46] whatsapp_api_post | {"url":"https:\/\/graph.facebook.com\/v19.0\/636471032888916\/messages","http_code":200,"success":true,"response":{"messaging_product":"whatsapp","contacts":[{"input":"+919096463943","wa_id":"919096463943"}],"messages":[{"id":"wamid.HBgMOTE5MDk2NDYzOTQzFQIAERgSQzhENTFCNDZGRDYzNkMxMEM4AA==","message_status":"accepted"}]},"error":null}
[2026-03-17 12:08:46] reception_send_otp | {"phone":"+919096463943","user_id":1000,"provider_ok":true,"provider_resp":{"messaging_product":"whatsapp","contacts":[{"input":"+919096463943","wa_id":"919096463943"}],"messages":[{"id":"wamid.HBgMOTE5MDk2NDYzOTQzFQIAERgSQzhENTFCNDZGRDYzNkMxMEM4AA==","message_status":"accepted"}]}}
[2026-03-17 12:08:55] reception_login_verify_result | {"result":"OK","attempts":1}
[2026-03-17 12:14:39] whatsapp_api_post | {"url":"https:\/\/graph.facebook.com\/v19.0\/636471032888916\/messages","http_code":200,"success":true,"response":{"messaging_product":"whatsapp","contacts":[{"input":"+919096463943","wa_id":"919096463943"}],"messages":[{"id":"wamid.HBgMOTE5MDk2NDYzOTQzFQIAERgSMjA0Qjc4NDMxMjQwNjcxQTk3AA==","message_status":"accepted"}]},"error":null}
[2026-03-17 12:14:39] owner_send_otp | {"phone":"+919096463943","user_id":1,"provider_ok":true,"provider_resp":{"messaging_product":"whatsapp","contacts":[{"input":"+919096463943","wa_id":"919096463943"}],"messages":[{"id":"wamid.HBgMOTE5MDk2NDYzOTQzFQIAERgSMjA0Qjc4NDMxMjQwNjcxQTk3AA==","message_status":"accepted"}]}}
[2026-03-17 12:15:00] owner_login_verify_result | {"result":"OK","attempts":1}
[2026-03-18 05:54:23] whatsapp_api_post | {"url":"https:\/\/graph.facebook.com\/v19.0\/636471032888916\/messages","http_code":200,"success":true,"response":{"messaging_product":"whatsapp","contacts":[{"input":"+919096463943","wa_id":"919096463943"}],"messages":[{"id":"wamid.HBgMOTE5MDk2NDYzOTQzFQIAERgSRjc3RTA2RTI3RTIxNzY3MTJBAA==","message_status":"accepted"}]},"error":null}
[2026-03-18 05:54:23] owner_send_otp | {"phone":"+919096463943","user_id":1,"provider_ok":true,"provider_resp":{"messaging_product":"whatsapp","contacts":[{"input":"+919096463943","wa_id":"919096463943"}],"messages":[{"id":"wamid.HBgMOTE5MDk2NDYzOTQzFQIAERgSRjc3RTA2RTI3RTIxNzY3MTJBAA==","message_status":"accepted"}]}}
[2026-03-18 05:54:33] owner_login_verify_result | {"result":"OK","attempts":1}
[2026-03-18 10:26:01] whatsapp_api_post | {"url":"https:\/\/graph.facebook.com\/v19.0\/636471032888916\/messages","http_code":200,"success":true,"response":{"messaging_product":"whatsapp","contacts":[{"input":"+919423076094","wa_id":"919423076094"}],"messages":[{"id":"wamid.HBgMOTE5NDIzMDc2MDk0FQIAERgSN0EyMDE2NkQ4ODc3OUNCRDlDAA==","message_status":"accepted"}]},"error":null}
[2026-03-18 10:26:01] owner_send_otp | {"phone":"+919423076094","user_id":1059,"provider_ok":true,"provider_resp":{"messaging_product":"whatsapp","contacts":[{"input":"+919423076094","wa_id":"919423076094"}],"messages":[{"id":"wamid.HBgMOTE5NDIzMDc2MDk0FQIAERgSN0EyMDE2NkQ4ODc3OUNCRDlDAA==","message_status":"accepted"}]}}
[2026-03-18 10:26:05] owner_login_verify_result | {"result":"OK","attempts":1}
[2026-03-18 10:26:34] whatsapp_api_post | {"url":"https:\/\/graph.facebook.com\/v19.0\/636471032888916\/messages","http_code":200,"success":true,"response":{"messaging_product":"whatsapp","contacts":[{"input":"+919423076094","wa_id":"919423076094"}],"messages":[{"id":"wamid.HBgMOTE5NDIzMDc2MDk0FQIAERgSQzExMDRGOEQ2QzhBQUJENkNFAA==","message_status":"accepted"}]},"error":null}
[2026-03-18 10:26:34] owner_send_otp | {"phone":"+919423076094","user_id":1059,"provider_ok":true,"provider_resp":{"messaging_product":"whatsapp","contacts":[{"input":"+919423076094","wa_id":"919423076094"}],"messages":[{"id":"wamid.HBgMOTE5NDIzMDc2MDk0FQIAERgSQzExMDRGOEQ2QzhBQUJENkNFAA==","message_status":"accepted"}]}}
[2026-03-18 10:26:50] owner_login_verify_result | {"result":"FAIL","attempts":1}
[2026-03-18 10:27:20] owner_login_verify_result | {"result":"OK","attempts":2}
[2026-03-20 07:15:28] whatsapp_api_post | {"url":"https:\/\/graph.facebook.com\/v19.0\/636471032888916\/messages","http_code":200,"success":true,"response":{"messaging_product":"whatsapp","contacts":[{"input":"+919096463943","wa_id":"919096463943"}],"messages":[{"id":"wamid.HBgMOTE5MDk2NDYzOTQzFQIAERgSMTk1Njg4MDEwRDhCREJGMjdDAA==","message_status":"accepted"}]},"error":null}
[2026-03-20 07:15:28] owner_send_otp | {"phone":"+919096463943","user_id":1,"provider_ok":true,"provider_resp":{"messaging_product":"whatsapp","contacts":[{"input":"+919096463943","wa_id":"919096463943"}],"messages":[{"id":"wamid.HBgMOTE5MDk2NDYzOTQzFQIAERgSMTk1Njg4MDEwRDhCREJGMjdDAA==","message_status":"accepted"}]}}
[2026-03-20 07:15:45] owner_login_verify_result | {"result":"OK","attempts":1}
[2026-03-21 04:40:10] whatsapp_api_post | {"url":"https:\/\/graph.facebook.com\/v19.0\/636471032888916\/messages","http_code":200,"success":true,"response":{"messaging_product":"whatsapp","contacts":[{"input":"+919096463943","wa_id":"919096463943"}],"messages":[{"id":"wamid.HBgMOTE5MDk2NDYzOTQzFQIAERgSOThCMEYwOThBOUU1RkQwNzFEAA==","message_status":"accepted"}]},"error":null}
[2026-03-21 04:40:10] owner_send_otp | {"phone":"+919096463943","user_id":1,"provider_ok":true,"provider_resp":{"messaging_product":"whatsapp","contacts":[{"input":"+919096463943","wa_id":"919096463943"}],"messages":[{"id":"wamid.HBgMOTE5MDk2NDYzOTQzFQIAERgSOThCMEYwOThBOUU1RkQwNzFEAA==","message_status":"accepted"}]}}
[2026-03-21 04:40:20] owner_login_verify_result | {"result":"OK","attempts":1}
[2026-03-21 11:29:12] whatsapp_api_post | {"url":"https:\/\/graph.facebook.com\/v19.0\/636471032888916\/messages","http_code":200,"success":true,"response":{"messaging_product":"whatsapp","contacts":[{"input":"+919096463943","wa_id":"919096463943"}],"messages":[{"id":"wamid.HBgMOTE5MDk2NDYzOTQzFQIAERgSRTk2OTQ3NjAxNkEzQkQ3NkZDAA==","message_status":"accepted"}]},"error":null}
[2026-03-21 11:29:12] reception_send_otp | {"phone":"+919096463943","user_id":1000,"provider_ok":true,"provider_resp":{"messaging_product":"whatsapp","contacts":[{"input":"+919096463943","wa_id":"919096463943"}],"messages":[{"id":"wamid.HBgMOTE5MDk2NDYzOTQzFQIAERgSRTk2OTQ3NjAxNkEzQkQ3NkZDAA==","message_status":"accepted"}]}}
[2026-03-21 11:29:42] reception_login_verify_result | {"result":"OK","attempts":1}
[2026-03-21 12:37:50] whatsapp_api_post | {"url":"https:\/\/graph.facebook.com\/v19.0\/636471032888916\/messages","http_code":200,"success":true,"response":{"messaging_product":"whatsapp","contacts":[{"input":"+919096463943","wa_id":"919096463943"}],"messages":[{"id":"wamid.HBgMOTE5MDk2NDYzOTQzFQIAERgSNzU3N0ZFNzJCQ0Y0OTQ3OUI1AA==","message_status":"accepted"}]},"error":null}
[2026-03-21 12:37:50] owner_send_otp | {"phone":"+919096463943","user_id":1,"provider_ok":true,"provider_resp":{"messaging_product":"whatsapp","contacts":[{"input":"+919096463943","wa_id":"919096463943"}],"messages":[{"id":"wamid.HBgMOTE5MDk2NDYzOTQzFQIAERgSNzU3N0ZFNzJCQ0Y0OTQ3OUI1AA==","message_status":"accepted"}]}}
[2026-03-21 12:37:56] owner_login_verify_result | {"result":"OK","attempts":1}
[2026-03-22 02:34:48] whatsapp_api_post | {"url":"https:\/\/graph.facebook.com\/v19.0\/636471032888916\/messages","http_code":200,"success":true,"response":{"messaging_product":"whatsapp","contacts":[{"input":"+919096463943","wa_id":"919096463943"}],"messages":[{"id":"wamid.HBgMOTE5MDk2NDYzOTQzFQIAERgSOTZDRkMwQURCMzdGMTU1OTFCAA==","message_status":"accepted"}]},"error":null}
[2026-03-22 02:34:48] reception_send_otp | {"phone":"+919096463943","user_id":1000,"provider_ok":true,"provider_resp":{"messaging_product":"whatsapp","contacts":[{"input":"+919096463943","wa_id":"919096463943"}],"messages":[{"id":"wamid.HBgMOTE5MDk2NDYzOTQzFQIAERgSOTZDRkMwQURCMzdGMTU1OTFCAA==","message_status":"accepted"}]}}
[2026-03-22 02:35:42] reception_login_verify_result | {"result":"OK","attempts":1}
[2026-03-22 06:04:20] whatsapp_api_post | {"url":"https:\/\/graph.facebook.com\/v19.0\/636471032888916\/messages","http_code":200,"success":true,"response":{"messaging_product":"whatsapp","contacts":[{"input":"+919096463943","wa_id":"919096463943"}],"messages":[{"id":"wamid.HBgMOTE5MDk2NDYzOTQzFQIAERgSQzA5OEY1ODEyQTBDMEJBM0M4AA==","message_status":"accepted"}]},"error":null}
[2026-03-22 06:04:20] reception_send_otp | {"phone":"+919096463943","user_id":1000,"provider_ok":true,"provider_resp":{"messaging_product":"whatsapp","contacts":[{"input":"+919096463943","wa_id":"919096463943"}],"messages":[{"id":"wamid.HBgMOTE5MDk2NDYzOTQzFQIAERgSQzA5OEY1ODEyQTBDMEJBM0M4AA==","message_status":"accepted"}]}}
[2026-03-22 06:04:33] reception_login_verify_result | {"result":"OK","attempts":1}
[2026-03-22 06:15:34] whatsapp_api_post | {"url":"https:\/\/graph.facebook.com\/v19.0\/636471032888916\/messages","http_code":200,"success":true,"response":{"messaging_product":"whatsapp","contacts":[{"input":"+919096463943","wa_id":"919096463943"}],"messages":[{"id":"wamid.HBgMOTE5MDk2NDYzOTQzFQIAERgSNjkxM0M5NkQwNERGRjhGRDVGAA==","message_status":"accepted"}]},"error":null}
[2026-03-22 06:15:34] reception_send_otp | {"phone":"+919096463943","user_id":1000,"provider_ok":true,"provider_resp":{"messaging_product":"whatsapp","contacts":[{"input":"+919096463943","wa_id":"919096463943"}],"messages":[{"id":"wamid.HBgMOTE5MDk2NDYzOTQzFQIAERgSNjkxM0M5NkQwNERGRjhGRDVGAA==","message_status":"accepted"}]}}
[2026-03-22 06:15:43] reception_login_verify_result | {"result":"OK","attempts":1}
[2026-03-22 06:15:53] whatsapp_api_post | {"url":"https:\/\/graph.facebook.com\/v19.0\/636471032888916\/messages","http_code":200,"success":true,"response":{"messaging_product":"whatsapp","contacts":[{"input":"+919096463943","wa_id":"919096463943"}],"messages":[{"id":"wamid.HBgMOTE5MDk2NDYzOTQzFQIAERgSNDAzQTYwQjQzQzRFNUFFOTcwAA==","message_status":"accepted"}]},"error":null}
[2026-03-22 06:15:53] owner_send_otp | {"phone":"+919096463943","user_id":1,"provider_ok":true,"provider_resp":{"messaging_product":"whatsapp","contacts":[{"input":"+919096463943","wa_id":"919096463943"}],"messages":[{"id":"wamid.HBgMOTE5MDk2NDYzOTQzFQIAERgSNDAzQTYwQjQzQzRFNUFFOTcwAA==","message_status":"accepted"}]}}
[2026-03-22 06:15:57] owner_login_verify_result | {"result":"OK","attempts":1}
[2026-03-22 07:31:30] whatsapp_api_post | {"url":"https:\/\/graph.facebook.com\/v19.0\/636471032888916\/messages","http_code":200,"success":true,"response":{"messaging_product":"whatsapp","contacts":[{"input":"+919096463943","wa_id":"919096463943"}],"messages":[{"id":"wamid.HBgMOTE5MDk2NDYzOTQzFQIAERgSRjhERDM5NkRFQjFERUQyQzE2AA==","message_status":"accepted"}]},"error":null}
[2026-03-22 07:31:30] accounts_send_otp | {"phone":"+919096463943","user_id":1003,"provider_ok":true,"provider_resp":{"messaging_product":"whatsapp","contacts":[{"input":"+919096463943","wa_id":"919096463943"}],"messages":[{"id":"wamid.HBgMOTE5MDk2NDYzOTQzFQIAERgSRjhERDM5NkRFQjFERUQyQzE2AA==","message_status":"accepted"}]}}
[2026-03-22 07:31:54] accounts_login_verify_result | {"result":"OK","attempts":1}
[2026-03-22 07:36:17] whatsapp_api_post | {"url":"https:\/\/graph.facebook.com\/v19.0\/636471032888916\/messages","http_code":200,"success":true,"response":{"messaging_product":"whatsapp","contacts":[{"input":"+919096463943","wa_id":"919096463943"}],"messages":[{"id":"wamid.HBgMOTE5MDk2NDYzOTQzFQIAERgSNzc2MDU4NTJEQjk4MThDRDM4AA==","message_status":"accepted"}]},"error":null}
[2026-03-22 07:36:17] owner_send_otp | {"phone":"+919096463943","user_id":1,"provider_ok":true,"provider_resp":{"messaging_product":"whatsapp","contacts":[{"input":"+919096463943","wa_id":"919096463943"}],"messages":[{"id":"wamid.HBgMOTE5MDk2NDYzOTQzFQIAERgSNzc2MDU4NTJEQjk4MThDRDM4AA==","message_status":"accepted"}]}}
[2026-03-22 07:36:24] owner_login_verify_result | {"result":"OK","attempts":1}
[2026-03-22 17:11:09] whatsapp_api_post | {"url":"https:\/\/graph.facebook.com\/v19.0\/636471032888916\/messages","http_code":200,"success":true,"response":{"messaging_product":"whatsapp","contacts":[{"input":"+919096463943","wa_id":"919096463943"}],"messages":[{"id":"wamid.HBgMOTE5MDk2NDYzOTQzFQIAERgSMjQ5RTZBMzdBODFBRkVCQkQzAA==","message_status":"accepted"}]},"error":null}
[2026-03-22 17:11:09] owner_send_otp | {"phone":"+919096463943","user_id":1,"provider_ok":true,"provider_resp":{"messaging_product":"whatsapp","contacts":[{"input":"+919096463943","wa_id":"919096463943"}],"messages":[{"id":"wamid.HBgMOTE5MDk2NDYzOTQzFQIAERgSMjQ5RTZBMzdBODFBRkVCQkQzAA==","message_status":"accepted"}]}}
[2026-03-22 17:11:20] owner_login_verify_result | {"result":"OK","attempts":1}
[2026-03-22 17:11:57] whatsapp_api_post | {"url":"https:\/\/graph.facebook.com\/v19.0\/636471032888916\/messages","http_code":200,"success":true,"response":{"messaging_product":"whatsapp","contacts":[{"input":"+919096463943","wa_id":"919096463943"}],"messages":[{"id":"wamid.HBgMOTE5MDk2NDYzOTQzFQIAERgSQTlFN0Q0QTI4QkEyMDM0QzlDAA==","message_status":"accepted"}]},"error":null}
[2026-03-22 17:11:57] reception_send_otp | {"phone":"+919096463943","user_id":1000,"provider_ok":true,"provider_resp":{"messaging_product":"whatsapp","contacts":[{"input":"+919096463943","wa_id":"919096463943"}],"messages":[{"id":"wamid.HBgMOTE5MDk2NDYzOTQzFQIAERgSQTlFN0Q0QTI4QkEyMDM0QzlDAA==","message_status":"accepted"}]}}
[2026-03-22 17:12:09] reception_login_verify_result | {"result":"OK","attempts":1}
[2026-03-22 17:12:20] whatsapp_api_post | {"url":"https:\/\/graph.facebook.com\/v19.0\/636471032888916\/messages","http_code":200,"success":true,"response":{"messaging_product":"whatsapp","contacts":[{"input":"+919096463943","wa_id":"919096463943"}],"messages":[{"id":"wamid.HBgMOTE5MDk2NDYzOTQzFQIAERgSREMyRjg2RUZBRjIzQkZBQUY4AA==","message_status":"accepted"}]},"error":null}
[2026-03-22 17:12:20] accounts_send_otp | {"phone":"+919096463943","user_id":1003,"provider_ok":true,"provider_resp":{"messaging_product":"whatsapp","contacts":[{"input":"+919096463943","wa_id":"919096463943"}],"messages":[{"id":"wamid.HBgMOTE5MDk2NDYzOTQzFQIAERgSREMyRjg2RUZBRjIzQkZBQUY4AA==","message_status":"accepted"}]}}
[2026-03-22 17:12:24] accounts_login_verify_result | {"result":"OK","attempts":1}
[2026-03-23 03:18:02] whatsapp_api_post | {"url":"https:\/\/graph.facebook.com\/v19.0\/636471032888916\/messages","http_code":200,"success":true,"response":{"messaging_product":"whatsapp","contacts":[{"input":"+919096463943","wa_id":"919096463943"}],"messages":[{"id":"wamid.HBgMOTE5MDk2NDYzOTQzFQIAERgSNjQxREY1MjQxODg2ODA1NjhFAA==","message_status":"accepted"}]},"error":null}
[2026-03-23 03:18:02] owner_send_otp | {"phone":"+919096463943","user_id":1,"provider_ok":true,"provider_resp":{"messaging_product":"whatsapp","contacts":[{"input":"+919096463943","wa_id":"919096463943"}],"messages":[{"id":"wamid.HBgMOTE5MDk2NDYzOTQzFQIAERgSNjQxREY1MjQxODg2ODA1NjhFAA==","message_status":"accepted"}]}}
[2026-03-23 03:18:18] owner_login_verify_result | {"result":"OK","attempts":1}
[2026-03-23 03:18:36] whatsapp_api_post | {"url":"https:\/\/graph.facebook.com\/v19.0\/636471032888916\/messages","http_code":200,"success":true,"response":{"messaging_product":"whatsapp","contacts":[{"input":"+919096463943","wa_id":"919096463943"}],"messages":[{"id":"wamid.HBgMOTE5MDk2NDYzOTQzFQIAERgSNEQ3MDY1QkVENTNDRTE5RjgxAA==","message_status":"accepted"}]},"error":null}
[2026-03-23 03:18:36] reception_send_otp | {"phone":"+919096463943","user_id":1000,"provider_ok":true,"provider_resp":{"messaging_product":"whatsapp","contacts":[{"input":"+919096463943","wa_id":"919096463943"}],"messages":[{"id":"wamid.HBgMOTE5MDk2NDYzOTQzFQIAERgSNEQ3MDY1QkVENTNDRTE5RjgxAA==","message_status":"accepted"}]}}
[2026-03-23 03:18:43] reception_login_verify_result | {"result":"OK","attempts":1}
[2026-03-23 03:18:52] whatsapp_api_post | {"url":"https:\/\/graph.facebook.com\/v19.0\/636471032888916\/messages","http_code":200,"success":true,"response":{"messaging_product":"whatsapp","contacts":[{"input":"+919096463943","wa_id":"919096463943"}],"messages":[{"id":"wamid.HBgMOTE5MDk2NDYzOTQzFQIAERgSMkUwRkFFNjNFRTZFODYyMDhCAA==","message_status":"accepted"}]},"error":null}
[2026-03-23 03:18:52] accounts_send_otp | {"phone":"+919096463943","user_id":1003,"provider_ok":true,"provider_resp":{"messaging_product":"whatsapp","contacts":[{"input":"+919096463943","wa_id":"919096463943"}],"messages":[{"id":"wamid.HBgMOTE5MDk2NDYzOTQzFQIAERgSMkUwRkFFNjNFRTZFODYyMDhCAA==","message_status":"accepted"}]}}
[2026-03-23 03:18:58] accounts_login_verify_result | {"result":"OK","attempts":1}
[2026-03-23 23:54:57] whatsapp_api_post | {"url":"https:\/\/graph.facebook.com\/v19.0\/636471032888916\/messages","http_code":200,"success":true,"response":{"messaging_product":"whatsapp","contacts":[{"input":"+919096463943","wa_id":"919096463943"}],"messages":[{"id":"wamid.HBgMOTE5MDk2NDYzOTQzFQIAERgSOTlFQzAzQTQ4RDZBOTM1N0NGAA==","message_status":"accepted"}]},"error":null}
[2026-03-23 23:54:57] owner_send_otp | {"phone":"+919096463943","user_id":1,"provider_ok":true,"provider_resp":{"messaging_product":"whatsapp","contacts":[{"input":"+919096463943","wa_id":"919096463943"}],"messages":[{"id":"wamid.HBgMOTE5MDk2NDYzOTQzFQIAERgSOTlFQzAzQTQ4RDZBOTM1N0NGAA==","message_status":"accepted"}]}}
[2026-03-23 23:55:08] owner_login_verify_result | {"result":"OK","attempts":1}
[2026-03-23 23:55:32] whatsapp_api_post | {"url":"https:\/\/graph.facebook.com\/v19.0\/636471032888916\/messages","http_code":200,"success":true,"response":{"messaging_product":"whatsapp","contacts":[{"input":"+919096463943","wa_id":"919096463943"}],"messages":[{"id":"wamid.HBgMOTE5MDk2NDYzOTQzFQIAERgSMjZCMTFBNjM0MkQxQTREOTE3AA==","message_status":"accepted"}]},"error":null}
[2026-03-23 23:55:32] accounts_send_otp | {"phone":"+919096463943","user_id":1003,"provider_ok":true,"provider_resp":{"messaging_product":"whatsapp","contacts":[{"input":"+919096463943","wa_id":"919096463943"}],"messages":[{"id":"wamid.HBgMOTE5MDk2NDYzOTQzFQIAERgSMjZCMTFBNjM0MkQxQTREOTE3AA==","message_status":"accepted"}]}}
[2026-03-23 23:55:39] accounts_login_verify_result | {"result":"OK","attempts":1}
[2026-03-24 05:27:37] whatsapp_api_post | {"url":"https:\/\/graph.facebook.com\/v19.0\/636471032888916\/messages","http_code":200,"success":true,"response":{"messaging_product":"whatsapp","contacts":[{"input":"+919096463943","wa_id":"919096463943"}],"messages":[{"id":"wamid.HBgMOTE5MDk2NDYzOTQzFQIAERgSMTA5QjE1RThGMTBEMTU5RjJCAA==","message_status":"accepted"}]},"error":null}
[2026-03-24 05:27:37] owner_send_otp | {"phone":"+919096463943","user_id":1,"provider_ok":true,"provider_resp":{"messaging_product":"whatsapp","contacts":[{"input":"+919096463943","wa_id":"919096463943"}],"messages":[{"id":"wamid.HBgMOTE5MDk2NDYzOTQzFQIAERgSMTA5QjE1RThGMTBEMTU5RjJCAA==","message_status":"accepted"}]}}
[2026-03-24 05:27:49] owner_login_verify_result | {"result":"OK","attempts":1}
[2026-03-24 08:41:23] whatsapp_api_post | {"url":"https:\/\/graph.facebook.com\/v19.0\/636471032888916\/messages","http_code":200,"success":true,"response":{"messaging_product":"whatsapp","contacts":[{"input":"+919096463943","wa_id":"919096463943"}],"messages":[{"id":"wamid.HBgMOTE5MDk2NDYzOTQzFQIAERgSOEEyQTI5RUEwMzhENDVGQzE5AA==","message_status":"accepted"}]},"error":null}
[2026-03-24 08:41:23] accounts_send_otp | {"phone":"+919096463943","user_id":1003,"provider_ok":true,"provider_resp":{"messaging_product":"whatsapp","contacts":[{"input":"+919096463943","wa_id":"919096463943"}],"messages":[{"id":"wamid.HBgMOTE5MDk2NDYzOTQzFQIAERgSOEEyQTI5RUEwMzhENDVGQzE5AA==","message_status":"accepted"}]}}
[2026-03-24 08:41:33] accounts_login_verify_result | {"result":"FAIL","attempts":1}
[2026-03-24 08:41:36] accounts_login_verify_result | {"result":"OK","attempts":2}
[2026-03-24 09:31:42] whatsapp_api_post | {"url":"https:\/\/graph.facebook.com\/v19.0\/636471032888916\/messages","http_code":200,"success":true,"response":{"messaging_product":"whatsapp","contacts":[{"input":"+919096463943","wa_id":"919096463943"}],"messages":[{"id":"wamid.HBgMOTE5MDk2NDYzOTQzFQIAERgSMEQ1NjFFN0YwMTJBRkNGMkNFAA==","message_status":"accepted"}]},"error":null}
[2026-03-24 09:31:42] owner_send_otp | {"phone":"+919096463943","user_id":1,"provider_ok":true,"provider_resp":{"messaging_product":"whatsapp","contacts":[{"input":"+919096463943","wa_id":"919096463943"}],"messages":[{"id":"wamid.HBgMOTE5MDk2NDYzOTQzFQIAERgSMEQ1NjFFN0YwMTJBRkNGMkNFAA==","message_status":"accepted"}]}}
[2026-03-24 09:31:53] owner_login_verify_result | {"result":"OK","attempts":1}
[2026-03-25 04:59:43] whatsapp_api_post | {"url":"https:\/\/graph.facebook.com\/v19.0\/636471032888916\/messages","http_code":200,"success":true,"response":{"messaging_product":"whatsapp","contacts":[{"input":"+919096463943","wa_id":"919096463943"}],"messages":[{"id":"wamid.HBgMOTE5MDk2NDYzOTQzFQIAERgSQjJBQjMzODI4MDJDQzI3RkJGAA==","message_status":"accepted"}]},"error":null}
[2026-03-25 04:59:43] owner_send_otp | {"phone":"+919096463943","user_id":1,"provider_ok":true,"provider_resp":{"messaging_product":"whatsapp","contacts":[{"input":"+919096463943","wa_id":"919096463943"}],"messages":[{"id":"wamid.HBgMOTE5MDk2NDYzOTQzFQIAERgSQjJBQjMzODI4MDJDQzI3RkJGAA==","message_status":"accepted"}]}}
[2026-03-25 05:00:08] owner_login_verify_result | {"result":"OK","attempts":1}
[2026-03-25 16:35:06] whatsapp_api_post | {"url":"https:\/\/graph.facebook.com\/v19.0\/636471032888916\/messages","http_code":200,"success":true,"response":{"messaging_product":"whatsapp","contacts":[{"input":"+919096463943","wa_id":"919096463943"}],"messages":[{"id":"wamid.HBgMOTE5MDk2NDYzOTQzFQIAERgSN0E5OTY0Q0Y4RjNDMzdFOEM0AA==","message_status":"accepted"}]},"error":null}
[2026-03-25 16:35:06] owner_send_otp | {"phone":"+919096463943","user_id":1,"provider_ok":true,"provider_resp":{"messaging_product":"whatsapp","contacts":[{"input":"+919096463943","wa_id":"919096463943"}],"messages":[{"id":"wamid.HBgMOTE5MDk2NDYzOTQzFQIAERgSN0E5OTY0Q0Y4RjNDMzdFOEM0AA==","message_status":"accepted"}]}}
[2026-03-25 16:35:21] owner_login_verify_result | {"result":"OK","attempts":1}
[2026-03-25 16:35:59] whatsapp_api_post | {"url":"https:\/\/graph.facebook.com\/v19.0\/636471032888916\/messages","http_code":200,"success":true,"response":{"messaging_product":"whatsapp","contacts":[{"input":"+919096463943","wa_id":"919096463943"}],"messages":[{"id":"wamid.HBgMOTE5MDk2NDYzOTQzFQIAERgSQjkxQTNDOTA1NTlFQjYxOEFDAA==","message_status":"accepted"}]},"error":null}
[2026-03-25 16:35:59] accounts_send_otp | {"phone":"+919096463943","user_id":1003,"provider_ok":true,"provider_resp":{"messaging_product":"whatsapp","contacts":[{"input":"+919096463943","wa_id":"919096463943"}],"messages":[{"id":"wamid.HBgMOTE5MDk2NDYzOTQzFQIAERgSQjkxQTNDOTA1NTlFQjYxOEFDAA==","message_status":"accepted"}]}}
[2026-03-25 16:36:08] accounts_login_verify_result | {"result":"OK","attempts":1}
[2026-03-25 17:26:28] whatsapp_api_post | {"url":"https:\/\/graph.facebook.com\/v19.0\/636471032888916\/messages","http_code":200,"success":true,"response":{"messaging_product":"whatsapp","contacts":[{"input":"+919423076094","wa_id":"919423076094"}],"messages":[{"id":"wamid.HBgMOTE5NDIzMDc2MDk0FQIAERgSMzNBRTVBOTkzRDc4ODI1RjIwAA==","message_status":"accepted"}]},"error":null}
[2026-03-25 17:26:28] owner_send_otp | {"phone":"+919423076094","user_id":1059,"provider_ok":true,"provider_resp":{"messaging_product":"whatsapp","contacts":[{"input":"+919423076094","wa_id":"919423076094"}],"messages":[{"id":"wamid.HBgMOTE5NDIzMDc2MDk0FQIAERgSMzNBRTVBOTkzRDc4ODI1RjIwAA==","message_status":"accepted"}]}}
[2026-03-25 17:26:41] owner_login_verify_result | {"result":"OK","attempts":1}
[2026-03-27 03:49:42] whatsapp_api_post | {"url":"https:\/\/graph.facebook.com\/v19.0\/636471032888916\/messages","http_code":200,"success":true,"response":{"messaging_product":"whatsapp","contacts":[{"input":"+919096463943","wa_id":"919096463943"}],"messages":[{"id":"wamid.HBgMOTE5MDk2NDYzOTQzFQIAERgSRjAzNDczOTUyMERBRkMxREZBAA==","message_status":"accepted"}]},"error":null}
[2026-03-27 03:49:42] owner_send_otp | {"phone":"+919096463943","user_id":1,"provider_ok":true,"provider_resp":{"messaging_product":"whatsapp","contacts":[{"input":"+919096463943","wa_id":"919096463943"}],"messages":[{"id":"wamid.HBgMOTE5MDk2NDYzOTQzFQIAERgSRjAzNDczOTUyMERBRkMxREZBAA==","message_status":"accepted"}]}}
[2026-03-27 03:50:12] owner_login_verify_result | {"result":"OK","attempts":1}
[2026-03-27 03:59:09] whatsapp_api_post | {"url":"https:\/\/graph.facebook.com\/v19.0\/636471032888916\/messages","http_code":200,"success":true,"response":{"messaging_product":"whatsapp","contacts":[{"input":"+918446881383","wa_id":"918446881383"}],"messages":[{"id":"wamid.HBgMOTE4NDQ2ODgxMzgzFQIAERgSRjJDNzk0QzRGQzkwMzdDRkI2AA==","message_status":"accepted"}]},"error":null}
[2026-03-27 03:59:09] owner_send_otp | {"phone":"+918446881383","user_id":1052,"provider_ok":true,"provider_resp":{"messaging_product":"whatsapp","contacts":[{"input":"+918446881383","wa_id":"918446881383"}],"messages":[{"id":"wamid.HBgMOTE4NDQ2ODgxMzgzFQIAERgSRjJDNzk0QzRGQzkwMzdDRkI2AA==","message_status":"accepted"}]}}
[2026-03-27 03:59:19] owner_login_verify_result | {"result":"OK","attempts":1}
[2026-03-27 07:05:08] whatsapp_api_post | {"url":"https:\/\/graph.facebook.com\/v19.0\/636471032888916\/messages","http_code":200,"success":true,"response":{"messaging_product":"whatsapp","contacts":[{"input":"+919096463943","wa_id":"919096463943"}],"messages":[{"id":"wamid.HBgMOTE5MDk2NDYzOTQzFQIAERgSMUEwOUMzNzBFQjAwRjVBRkREAA==","message_status":"accepted"}]},"error":null}
[2026-03-27 07:05:08] owner_send_otp | {"phone":"+919096463943","user_id":1,"provider_ok":true,"provider_resp":{"messaging_product":"whatsapp","contacts":[{"input":"+919096463943","wa_id":"919096463943"}],"messages":[{"id":"wamid.HBgMOTE5MDk2NDYzOTQzFQIAERgSMUEwOUMzNzBFQjAwRjVBRkREAA==","message_status":"accepted"}]}}
[2026-03-27 07:05:22] owner_login_verify_result | {"result":"OK","attempts":1}
[2026-03-27 10:13:03] whatsapp_api_post | {"url":"https:\/\/graph.facebook.com\/v19.0\/636471032888916\/messages","http_code":200,"success":true,"response":{"messaging_product":"whatsapp","contacts":[{"input":"+919096463943","wa_id":"919096463943"}],"messages":[{"id":"wamid.HBgMOTE5MDk2NDYzOTQzFQIAERgSQ0RGQkFFOTAzMEE1MjgxMUJGAA==","message_status":"accepted"}]},"error":null}
[2026-03-27 10:13:03] owner_send_otp | {"phone":"+919096463943","user_id":1,"provider_ok":true,"provider_resp":{"messaging_product":"whatsapp","contacts":[{"input":"+919096463943","wa_id":"919096463943"}],"messages":[{"id":"wamid.HBgMOTE5MDk2NDYzOTQzFQIAERgSQ0RGQkFFOTAzMEE1MjgxMUJGAA==","message_status":"accepted"}]}}
[2026-03-27 11:13:16] whatsapp_api_post | {"url":"https:\/\/graph.facebook.com\/v19.0\/636471032888916\/messages","http_code":200,"success":true,"response":{"messaging_product":"whatsapp","contacts":[{"input":"+918446881383","wa_id":"918446881383"}],"messages":[{"id":"wamid.HBgMOTE4NDQ2ODgxMzgzFQIAERgSOTBDODU5NkE5NEZFN0RGMDQ4AA==","message_status":"accepted"}]},"error":null}
[2026-03-27 11:13:16] owner_send_otp | {"phone":"+918446881383","user_id":1052,"provider_ok":true,"provider_resp":{"messaging_product":"whatsapp","contacts":[{"input":"+918446881383","wa_id":"918446881383"}],"messages":[{"id":"wamid.HBgMOTE4NDQ2ODgxMzgzFQIAERgSOTBDODU5NkE5NEZFN0RGMDQ4AA==","message_status":"accepted"}]}}
[2026-03-27 11:13:21] owner_login_verify_result | {"result":"OK","attempts":1}
[2026-03-27 13:32:52] whatsapp_api_post | {"url":"https:\/\/graph.facebook.com\/v19.0\/636471032888916\/messages","http_code":200,"success":true,"response":{"messaging_product":"whatsapp","contacts":[{"input":"+919096463943","wa_id":"919096463943"}],"messages":[{"id":"wamid.HBgMOTE5MDk2NDYzOTQzFQIAERgSMjgwMTg0Qzk2MkU1NkRDMzg0AA==","message_status":"accepted"}]},"error":null}
[2026-03-27 13:32:52] owner_send_otp | {"phone":"+919096463943","user_id":1,"provider_ok":true,"provider_resp":{"messaging_product":"whatsapp","contacts":[{"input":"+919096463943","wa_id":"919096463943"}],"messages":[{"id":"wamid.HBgMOTE5MDk2NDYzOTQzFQIAERgSMjgwMTg0Qzk2MkU1NkRDMzg0AA==","message_status":"accepted"}]}}
[2026-03-27 13:33:06] owner_login_verify_result | {"result":"OK","attempts":1}
[2026-03-29 03:56:40] whatsapp_api_post | {"url":"https:\/\/graph.facebook.com\/v19.0\/636471032888916\/messages","http_code":200,"success":true,"response":{"messaging_product":"whatsapp","contacts":[{"input":"+919096463943","wa_id":"919096463943"}],"messages":[{"id":"wamid.HBgMOTE5MDk2NDYzOTQzFQIAERgSRjNCMDEzMTI3MDQwMDc2QUEyAA==","message_status":"accepted"}]},"error":null}
[2026-03-29 03:56:40] owner_send_otp | {"phone":"+919096463943","user_id":1,"provider_ok":true,"provider_resp":{"messaging_product":"whatsapp","contacts":[{"input":"+919096463943","wa_id":"919096463943"}],"messages":[{"id":"wamid.HBgMOTE5MDk2NDYzOTQzFQIAERgSRjNCMDEzMTI3MDQwMDc2QUEyAA==","message_status":"accepted"}]}}
[2026-03-29 03:56:51] owner_login_verify_result | {"result":"FAIL","attempts":1}
[2026-03-29 03:56:56] owner_login_verify_result | {"result":"OK","attempts":2}
[2026-03-29 03:59:35] whatsapp_api_post | {"url":"https:\/\/graph.facebook.com\/v19.0\/636471032888916\/messages","http_code":200,"success":true,"response":{"messaging_product":"whatsapp","contacts":[{"input":"+918446881383","wa_id":"918446881383"}],"messages":[{"id":"wamid.HBgMOTE4NDQ2ODgxMzgzFQIAERgSNjg1NjE2M0ZCODY1MjVERDAxAA==","message_status":"accepted"}]},"error":null}
[2026-03-29 03:59:35] owner_send_otp | {"phone":"+918446881383","user_id":1052,"provider_ok":true,"provider_resp":{"messaging_product":"whatsapp","contacts":[{"input":"+918446881383","wa_id":"918446881383"}],"messages":[{"id":"wamid.HBgMOTE4NDQ2ODgxMzgzFQIAERgSNjg1NjE2M0ZCODY1MjVERDAxAA==","message_status":"accepted"}]}}
[2026-03-29 03:59:43] owner_login_verify_result | {"result":"OK","attempts":1}
[2026-03-31 15:29:05] whatsapp_api_post | {"url":"https:\/\/graph.facebook.com\/v19.0\/636471032888916\/messages","http_code":200,"success":true,"response":{"messaging_product":"whatsapp","contacts":[{"input":"+919096463943","wa_id":"919096463943"}],"messages":[{"id":"wamid.HBgMOTE5MDk2NDYzOTQzFQIAERgSMDU3QUYxNEU0QUE0RTA0MzVEAA==","message_status":"accepted"}]},"error":null}
[2026-03-31 15:29:05] owner_send_otp | {"phone":"+919096463943","user_id":1,"provider_ok":true,"provider_resp":{"messaging_product":"whatsapp","contacts":[{"input":"+919096463943","wa_id":"919096463943"}],"messages":[{"id":"wamid.HBgMOTE5MDk2NDYzOTQzFQIAERgSMDU3QUYxNEU0QUE0RTA0MzVEAA==","message_status":"accepted"}]}}
[2026-03-31 15:29:23] owner_login_verify_result | {"result":"OK","attempts":1}
[2026-04-01 16:27:23] whatsapp_api_post | {"url":"https:\/\/graph.facebook.com\/v19.0\/636471032888916\/messages","http_code":200,"success":true,"response":{"messaging_product":"whatsapp","contacts":[{"input":"+919423076094","wa_id":"919423076094"}],"messages":[{"id":"wamid.HBgMOTE5NDIzMDc2MDk0FQIAERgSRDc2NjJDMzk1MDY4NDk1NDkwAA==","message_status":"accepted"}]},"error":null}
[2026-04-01 16:27:23] owner_send_otp | {"phone":"+919423076094","user_id":1059,"provider_ok":true,"provider_resp":{"messaging_product":"whatsapp","contacts":[{"input":"+919423076094","wa_id":"919423076094"}],"messages":[{"id":"wamid.HBgMOTE5NDIzMDc2MDk0FQIAERgSRDc2NjJDMzk1MDY4NDk1NDkwAA==","message_status":"accepted"}]}}
[2026-04-01 16:27:29] owner_login_verify_result | {"result":"OK","attempts":1}
[2026-04-02 06:23:17] whatsapp_api_post | {"url":"https:\/\/graph.facebook.com\/v19.0\/636471032888916\/messages","http_code":200,"success":true,"response":{"messaging_product":"whatsapp","contacts":[{"input":"+918446881383","wa_id":"918446881383"}],"messages":[{"id":"wamid.HBgMOTE4NDQ2ODgxMzgzFQIAERgSMTBBQTFBMzk4QzNEMzBCNUUzAA==","message_status":"accepted"}]},"error":null}
[2026-04-02 06:23:17] reception_send_otp | {"phone":"+918446881383","user_id":1073,"provider_ok":true,"provider_resp":{"messaging_product":"whatsapp","contacts":[{"input":"+918446881383","wa_id":"918446881383"}],"messages":[{"id":"wamid.HBgMOTE4NDQ2ODgxMzgzFQIAERgSMTBBQTFBMzk4QzNEMzBCNUUzAA==","message_status":"accepted"}]}}
[2026-04-02 06:23:22] reception_login_verify_result | {"result":"OK","attempts":1}
[2026-04-02 06:23:33] whatsapp_api_post | {"url":"https:\/\/graph.facebook.com\/v19.0\/636471032888916\/messages","http_code":200,"success":true,"response":{"messaging_product":"whatsapp","contacts":[{"input":"+918446881383","wa_id":"918446881383"}],"messages":[{"id":"wamid.HBgMOTE4NDQ2ODgxMzgzFQIAERgSM0I2NTY3ODVCQzM4MTQxQjI5AA==","message_status":"accepted"}]},"error":null}
[2026-04-02 06:23:33] reception_send_otp | {"phone":"+918446881383","user_id":1073,"provider_ok":true,"provider_resp":{"messaging_product":"whatsapp","contacts":[{"input":"+918446881383","wa_id":"918446881383"}],"messages":[{"id":"wamid.HBgMOTE4NDQ2ODgxMzgzFQIAERgSM0I2NTY3ODVCQzM4MTQxQjI5AA==","message_status":"accepted"}]}}
[2026-04-02 06:23:40] reception_login_verify_result | {"result":"OK","attempts":1}
[2026-04-02 06:37:58] whatsapp_api_post | {"url":"https:\/\/graph.facebook.com\/v19.0\/636471032888916\/messages","http_code":200,"success":true,"response":{"messaging_product":"whatsapp","contacts":[{"input":"+918446881383","wa_id":"918446881383"}],"messages":[{"id":"wamid.HBgMOTE4NDQ2ODgxMzgzFQIAERgSNkZDMzAwRDlEODNDNzY3QTUxAA==","message_status":"accepted"}]},"error":null}
[2026-04-02 06:37:58] reception_send_otp | {"phone":"+918446881383","user_id":1073,"provider_ok":true,"provider_resp":{"messaging_product":"whatsapp","contacts":[{"input":"+918446881383","wa_id":"918446881383"}],"messages":[{"id":"wamid.HBgMOTE4NDQ2ODgxMzgzFQIAERgSNkZDMzAwRDlEODNDNzY3QTUxAA==","message_status":"accepted"}]}}
[2026-04-02 06:38:04] reception_login_verify_result | {"result":"OK","attempts":1}
[2026-04-05 08:56:31] whatsapp_api_post | {"url":"https:\/\/graph.facebook.com\/v19.0\/636471032888916\/messages","http_code":200,"success":true,"response":{"messaging_product":"whatsapp","contacts":[{"input":"+919096463943","wa_id":"919096463943"}],"messages":[{"id":"wamid.HBgMOTE5MDk2NDYzOTQzFQIAERgSQzI2OUU4OTQ2RUQ1MkVFQTY2AA==","message_status":"accepted"}]},"error":null}
[2026-04-05 08:56:31] owner_send_otp | {"phone":"+919096463943","user_id":1,"provider_ok":true,"provider_resp":{"messaging_product":"whatsapp","contacts":[{"input":"+919096463943","wa_id":"919096463943"}],"messages":[{"id":"wamid.HBgMOTE5MDk2NDYzOTQzFQIAERgSQzI2OUU4OTQ2RUQ1MkVFQTY2AA==","message_status":"accepted"}]}}
[2026-04-05 08:56:49] owner_login_verify_result | {"result":"OK","attempts":1}
[2026-04-05 08:56:59] whatsapp_api_post | {"url":"https:\/\/graph.facebook.com\/v19.0\/636471032888916\/messages","http_code":200,"success":true,"response":{"messaging_product":"whatsapp","contacts":[{"input":"+919096463943","wa_id":"919096463943"}],"messages":[{"id":"wamid.HBgMOTE5MDk2NDYzOTQzFQIAERgSOEEwMENCQjFDMDJEQzQ0QkM1AA==","message_status":"accepted"}]},"error":null}
[2026-04-05 08:56:59] owner_send_otp | {"phone":"+919096463943","user_id":1,"provider_ok":true,"provider_resp":{"messaging_product":"whatsapp","contacts":[{"input":"+919096463943","wa_id":"919096463943"}],"messages":[{"id":"wamid.HBgMOTE5MDk2NDYzOTQzFQIAERgSOEEwMENCQjFDMDJEQzQ0QkM1AA==","message_status":"accepted"}]}}
[2026-04-05 08:57:21] owner_login_verify_result | {"result":"OK","attempts":1}
[2026-04-05 08:58:52] whatsapp_api_post | {"url":"https:\/\/graph.facebook.com\/v19.0\/636471032888916\/messages","http_code":200,"success":true,"response":{"messaging_product":"whatsapp","contacts":[{"input":"+919096463943","wa_id":"919096463943"}],"messages":[{"id":"wamid.HBgMOTE5MDk2NDYzOTQzFQIAERgSQkFCMzY1REZGNDQxMjgxNkYxAA==","message_status":"accepted"}]},"error":null}
[2026-04-05 08:58:52] owner_send_otp | {"phone":"+919096463943","user_id":1,"provider_ok":true,"provider_resp":{"messaging_product":"whatsapp","contacts":[{"input":"+919096463943","wa_id":"919096463943"}],"messages":[{"id":"wamid.HBgMOTE5MDk2NDYzOTQzFQIAERgSQkFCMzY1REZGNDQxMjgxNkYxAA==","message_status":"accepted"}]}}
[2026-04-05 08:58:59] owner_login_verify_result | {"result":"OK","attempts":1}
[2026-04-08 14:23:40] whatsapp_api_post | {"url":"https:\/\/graph.facebook.com\/v19.0\/636471032888916\/messages","http_code":200,"success":true,"response":{"messaging_product":"whatsapp","contacts":[{"input":"+919096463943","wa_id":"919096463943"}],"messages":[{"id":"wamid.HBgMOTE5MDk2NDYzOTQzFQIAERgSQ0IwODczNUQwOUY0QjYyMUJBAA==","message_status":"accepted"}]},"error":null}
[2026-04-08 14:23:40] owner_send_otp | {"phone":"+919096463943","user_id":1,"provider_ok":true,"provider_resp":{"messaging_product":"whatsapp","contacts":[{"input":"+919096463943","wa_id":"919096463943"}],"messages":[{"id":"wamid.HBgMOTE5MDk2NDYzOTQzFQIAERgSQ0IwODczNUQwOUY0QjYyMUJBAA==","message_status":"accepted"}]}}
[2026-04-08 14:23:55] owner_login_verify_result | {"result":"OK","attempts":1}
[2026-04-09 08:53:52] whatsapp_api_post | {"url":"https:\/\/graph.facebook.com\/v19.0\/636471032888916\/messages","http_code":200,"success":true,"response":{"messaging_product":"whatsapp","contacts":[{"input":"+919096463943","wa_id":"919096463943"}],"messages":[{"id":"wamid.HBgMOTE5MDk2NDYzOTQzFQIAERgSMTRBQTQ3ODRDOTgwQzlEQzI5AA==","message_status":"accepted"}]},"error":null}
[2026-04-09 08:53:52] owner_send_otp | {"phone":"+919096463943","user_id":1,"provider_ok":true,"provider_resp":{"messaging_product":"whatsapp","contacts":[{"input":"+919096463943","wa_id":"919096463943"}],"messages":[{"id":"wamid.HBgMOTE5MDk2NDYzOTQzFQIAERgSMTRBQTQ3ODRDOTgwQzlEQzI5AA==","message_status":"accepted"}]}}
[2026-04-09 08:54:04] owner_login_verify_result | {"result":"OK","attempts":1}
[2026-04-13 10:13:22] whatsapp_api_post | {"url":"https:\/\/graph.facebook.com\/v19.0\/636471032888916\/messages","http_code":200,"success":true,"response":{"messaging_product":"whatsapp","contacts":[{"input":"+919096463943","wa_id":"919096463943"}],"messages":[{"id":"wamid.HBgMOTE5MDk2NDYzOTQzFQIAERgSRTI4OUNBRDlGRkI2MzZBQTMwAA==","message_status":"accepted"}]},"error":null}
[2026-04-13 10:13:22] owner_send_otp | {"phone":"+919096463943","user_id":1,"provider_ok":true,"provider_resp":{"messaging_product":"whatsapp","contacts":[{"input":"+919096463943","wa_id":"919096463943"}],"messages":[{"id":"wamid.HBgMOTE5MDk2NDYzOTQzFQIAERgSRTI4OUNBRDlGRkI2MzZBQTMwAA==","message_status":"accepted"}]}}
[2026-04-13 10:13:35] owner_login_verify_result | {"result":"OK","attempts":1}
[2026-04-14 14:00:39] whatsapp_api_post | {"url":"https:\/\/graph.facebook.com\/v19.0\/636471032888916\/messages","http_code":200,"success":true,"response":{"messaging_product":"whatsapp","contacts":[{"input":"+919096463943","wa_id":"919096463943"}],"messages":[{"id":"wamid.HBgMOTE5MDk2NDYzOTQzFQIAERgSQjI2QTI0Q0MzN0M4MDY4OTg2AA==","message_status":"accepted"}]},"error":null}
[2026-04-14 14:00:39] owner_send_otp | {"phone":"+919096463943","user_id":1,"provider_ok":true,"provider_resp":{"messaging_product":"whatsapp","contacts":[{"input":"+919096463943","wa_id":"919096463943"}],"messages":[{"id":"wamid.HBgMOTE5MDk2NDYzOTQzFQIAERgSQjI2QTI0Q0MzN0M4MDY4OTg2AA==","message_status":"accepted"}]}}
[2026-04-14 14:00:49] owner_login_verify_result | {"result":"OK","attempts":1}
[2026-04-15 15:39:23] whatsapp_api_post | {"url":"https:\/\/graph.facebook.com\/v19.0\/636471032888916\/messages","http_code":200,"success":true,"response":{"messaging_product":"whatsapp","contacts":[{"input":"+919096463943","wa_id":"919096463943"}],"messages":[{"id":"wamid.HBgMOTE5MDk2NDYzOTQzFQIAERgSQ0VDRDE0RDdDNUE2NDYzQUYwAA==","message_status":"accepted"}]},"error":null}
[2026-04-15 15:39:23] owner_send_otp | {"phone":"+919096463943","user_id":1,"provider_ok":true,"provider_resp":{"messaging_product":"whatsapp","contacts":[{"input":"+919096463943","wa_id":"919096463943"}],"messages":[{"id":"wamid.HBgMOTE5MDk2NDYzOTQzFQIAERgSQ0VDRDE0RDdDNUE2NDYzQUYwAA==","message_status":"accepted"}]}}
[2026-04-15 15:39:36] owner_login_verify_result | {"result":"OK","attempts":1}
[2026-04-17 05:46:32] whatsapp_api_post | {"url":"https:\/\/graph.facebook.com\/v19.0\/636471032888916\/messages","http_code":200,"success":true,"response":{"messaging_product":"whatsapp","contacts":[{"input":"+919096463943","wa_id":"919096463943"}],"messages":[{"id":"wamid.HBgMOTE5MDk2NDYzOTQzFQIAERgSRTJCMjlFNTgwQzFCQzhBOEU2AA==","message_status":"accepted"}]},"error":null}
[2026-04-17 05:46:32] owner_send_otp | {"phone":"+919096463943","user_id":1,"provider_ok":true,"provider_resp":{"messaging_product":"whatsapp","contacts":[{"input":"+919096463943","wa_id":"919096463943"}],"messages":[{"id":"wamid.HBgMOTE5MDk2NDYzOTQzFQIAERgSRTJCMjlFNTgwQzFCQzhBOEU2AA==","message_status":"accepted"}]}}
[2026-04-17 05:46:41] owner_login_verify_result | {"result":"OK","attempts":1}
[2026-04-18 14:03:26] whatsapp_api_post | {"url":"https:\/\/graph.facebook.com\/v19.0\/636471032888916\/messages","http_code":200,"success":true,"response":{"messaging_product":"whatsapp","contacts":[{"input":"+919096463943","wa_id":"919096463943"}],"messages":[{"id":"wamid.HBgMOTE5MDk2NDYzOTQzFQIAERgSMDNGMzg4NDhCRjI1RjQwMUFDAA==","message_status":"accepted"}]},"error":null}
[2026-04-18 14:03:26] owner_send_otp | {"phone":"+919096463943","user_id":1,"provider_ok":true,"provider_resp":{"messaging_product":"whatsapp","contacts":[{"input":"+919096463943","wa_id":"919096463943"}],"messages":[{"id":"wamid.HBgMOTE5MDk2NDYzOTQzFQIAERgSMDNGMzg4NDhCRjI1RjQwMUFDAA==","message_status":"accepted"}]}}
[2026-04-18 14:03:55] owner_login_verify_result | {"result":"OK","attempts":1}
[2026-04-18 14:04:12] whatsapp_api_post | {"url":"https:\/\/graph.facebook.com\/v19.0\/636471032888916\/messages","http_code":200,"success":true,"response":{"messaging_product":"whatsapp","contacts":[{"input":"+919096463943","wa_id":"919096463943"}],"messages":[{"id":"wamid.HBgMOTE5MDk2NDYzOTQzFQIAERgSRTYxQ0EyRkI4MkQyRTlDMzIxAA==","message_status":"accepted"}]},"error":null}
[2026-04-18 14:04:12] reception_send_otp | {"phone":"+919096463943","user_id":1000,"provider_ok":true,"provider_resp":{"messaging_product":"whatsapp","contacts":[{"input":"+919096463943","wa_id":"919096463943"}],"messages":[{"id":"wamid.HBgMOTE5MDk2NDYzOTQzFQIAERgSRTYxQ0EyRkI4MkQyRTlDMzIxAA==","message_status":"accepted"}]}}
[2026-04-18 14:04:20] reception_login_verify_result | {"result":"OK","attempts":1}
[2026-04-18 14:17:20] whatsapp_api_post | {"url":"https:\/\/graph.facebook.com\/v19.0\/636471032888916\/messages","http_code":200,"success":true,"response":{"messaging_product":"whatsapp","contacts":[{"input":"+919096463943","wa_id":"919096463943"}],"messages":[{"id":"wamid.HBgMOTE5MDk2NDYzOTQzFQIAERgSRjZGNDc1QTc5MzQwNjkxOEZFAA==","message_status":"accepted"}]},"error":null}
[2026-04-18 14:17:20] owner_send_otp | {"phone":"+919096463943","user_id":1,"provider_ok":true,"provider_resp":{"messaging_product":"whatsapp","contacts":[{"input":"+919096463943","wa_id":"919096463943"}],"messages":[{"id":"wamid.HBgMOTE5MDk2NDYzOTQzFQIAERgSRjZGNDc1QTc5MzQwNjkxOEZFAA==","message_status":"accepted"}]}}
[2026-04-18 14:18:00] owner_login_verify_result | {"result":"OK","attempts":1}
[2026-04-19 11:32:21] whatsapp_api_post | {"url":"https:\/\/graph.facebook.com\/v19.0\/636471032888916\/messages","http_code":200,"success":true,"response":{"messaging_product":"whatsapp","contacts":[{"input":"+919096463943","wa_id":"919096463943"}],"messages":[{"id":"wamid.HBgMOTE5MDk2NDYzOTQzFQIAERgSNzc4QzNGQjM5NTAyRkRCN0JBAA==","message_status":"accepted"}]},"error":null}
[2026-04-19 11:32:21] owner_send_otp | {"phone":"+919096463943","user_id":1,"provider_ok":true,"provider_resp":{"messaging_product":"whatsapp","contacts":[{"input":"+919096463943","wa_id":"919096463943"}],"messages":[{"id":"wamid.HBgMOTE5MDk2NDYzOTQzFQIAERgSNzc4QzNGQjM5NTAyRkRCN0JBAA==","message_status":"accepted"}]}}
[2026-04-20 15:23:18] whatsapp_api_post | {"url":"https:\/\/graph.facebook.com\/v19.0\/636471032888916\/messages","http_code":200,"success":true,"response":{"messaging_product":"whatsapp","contacts":[{"input":"+919096463943","wa_id":"919096463943"}],"messages":[{"id":"wamid.HBgMOTE5MDk2NDYzOTQzFQIAERgSOTY0NTBGM0Y0Q0E3MEFEMDI2AA==","message_status":"accepted"}]},"error":null}
[2026-04-20 15:23:18] reception_send_otp | {"phone":"+919096463943","user_id":1000,"provider_ok":true,"provider_resp":{"messaging_product":"whatsapp","contacts":[{"input":"+919096463943","wa_id":"919096463943"}],"messages":[{"id":"wamid.HBgMOTE5MDk2NDYzOTQzFQIAERgSOTY0NTBGM0Y0Q0E3MEFEMDI2AA==","message_status":"accepted"}]}}
[2026-04-20 15:23:32] reception_login_verify_result | {"result":"OK","attempts":1}
[2026-04-22 12:48:09] whatsapp_api_post | {"url":"https:\/\/graph.facebook.com\/v19.0\/636471032888916\/messages","http_code":200,"success":true,"response":{"messaging_product":"whatsapp","contacts":[{"input":"+919096463943","wa_id":"919096463943"}],"messages":[{"id":"wamid.HBgMOTE5MDk2NDYzOTQzFQIAERgSNkJEOUU3NDU3NUJDNUJFRDk0AA==","message_status":"accepted"}]},"error":null}
[2026-04-22 12:48:09] owner_send_otp | {"phone":"+919096463943","user_id":1,"provider_ok":true,"provider_resp":{"messaging_product":"whatsapp","contacts":[{"input":"+919096463943","wa_id":"919096463943"}],"messages":[{"id":"wamid.HBgMOTE5MDk2NDYzOTQzFQIAERgSNkJEOUU3NDU3NUJDNUJFRDk0AA==","message_status":"accepted"}]}}
[2026-04-22 12:48:25] owner_login_verify_result | {"result":"OK","attempts":1}
[2026-04-22 13:22:20] whatsapp_api_post | {"url":"https:\/\/graph.facebook.com\/v19.0\/636471032888916\/messages","http_code":200,"success":true,"response":{"messaging_product":"whatsapp","contacts":[{"input":"+919096463943","wa_id":"919096463943"}],"messages":[{"id":"wamid.HBgMOTE5MDk2NDYzOTQzFQIAERgSOEMyMEFGN0ZFM0U0RjUzOTczAA==","message_status":"accepted"}]},"error":null}
[2026-04-22 13:22:20] owner_send_otp | {"phone":"+919096463943","user_id":1,"provider_ok":true,"provider_resp":{"messaging_product":"whatsapp","contacts":[{"input":"+919096463943","wa_id":"919096463943"}],"messages":[{"id":"wamid.HBgMOTE5MDk2NDYzOTQzFQIAERgSOEMyMEFGN0ZFM0U0RjUzOTczAA==","message_status":"accepted"}]}}
[2026-04-22 13:22:43] owner_login_verify_result | {"result":"OK","attempts":1}
[2026-04-22 13:24:29] whatsapp_api_post | {"url":"https:\/\/graph.facebook.com\/v19.0\/636471032888916\/messages","http_code":200,"success":true,"response":{"messaging_product":"whatsapp","contacts":[{"input":"+919096463943","wa_id":"919096463943"}],"messages":[{"id":"wamid.HBgMOTE5MDk2NDYzOTQzFQIAERgSQ0Q3NzhCRDFBOTc0NzdCRjE0AA==","message_status":"accepted"}]},"error":null}
[2026-04-22 13:24:29] accounts_send_otp | {"phone":"+919096463943","user_id":1003,"provider_ok":true,"provider_resp":{"messaging_product":"whatsapp","contacts":[{"input":"+919096463943","wa_id":"919096463943"}],"messages":[{"id":"wamid.HBgMOTE5MDk2NDYzOTQzFQIAERgSQ0Q3NzhCRDFBOTc0NzdCRjE0AA==","message_status":"accepted"}]}}
[2026-04-22 13:25:05] accounts_login_verify_result | {"result":"OK","attempts":1}
[2026-04-22 13:25:18] whatsapp_api_post | {"url":"https:\/\/graph.facebook.com\/v19.0\/636471032888916\/messages","http_code":200,"success":true,"response":{"messaging_product":"whatsapp","contacts":[{"input":"+919096463943","wa_id":"919096463943"}],"messages":[{"id":"wamid.HBgMOTE5MDk2NDYzOTQzFQIAERgSNTNDRDQxRjFERkYyMDk0NUY2AA==","message_status":"accepted"}]},"error":null}
[2026-04-22 13:25:18] accounts_send_otp | {"phone":"+919096463943","user_id":1003,"provider_ok":true,"provider_resp":{"messaging_product":"whatsapp","contacts":[{"input":"+919096463943","wa_id":"919096463943"}],"messages":[{"id":"wamid.HBgMOTE5MDk2NDYzOTQzFQIAERgSNTNDRDQxRjFERkYyMDk0NUY2AA==","message_status":"accepted"}]}}
[2026-04-22 13:25:24] accounts_login_verify_result | {"result":"OK","attempts":1}
[2026-04-22 13:25:32] whatsapp_api_post | {"url":"https:\/\/graph.facebook.com\/v19.0\/636471032888916\/messages","http_code":200,"success":true,"response":{"messaging_product":"whatsapp","contacts":[{"input":"+919096463943","wa_id":"919096463943"}],"messages":[{"id":"wamid.HBgMOTE5MDk2NDYzOTQzFQIAERgSMEZCODEwOEQ3QzNGRkEzMUEyAA==","message_status":"accepted"}]},"error":null}
[2026-04-22 13:25:32] accounts_send_otp | {"phone":"+919096463943","user_id":1003,"provider_ok":true,"provider_resp":{"messaging_product":"whatsapp","contacts":[{"input":"+919096463943","wa_id":"919096463943"}],"messages":[{"id":"wamid.HBgMOTE5MDk2NDYzOTQzFQIAERgSMEZCODEwOEQ3QzNGRkEzMUEyAA==","message_status":"accepted"}]}}
[2026-04-22 13:25:38] accounts_login_verify_result | {"result":"OK","attempts":1}
[2026-04-22 13:27:34] whatsapp_api_post | {"url":"https:\/\/graph.facebook.com\/v19.0\/636471032888916\/messages","http_code":200,"success":true,"response":{"messaging_product":"whatsapp","contacts":[{"input":"+919096463943","wa_id":"919096463943"}],"messages":[{"id":"wamid.HBgMOTE5MDk2NDYzOTQzFQIAERgSODMzRDExRDg0NjdBNERDN0E5AA==","message_status":"accepted"}]},"error":null}
[2026-04-22 13:27:34] reception_send_otp | {"phone":"+919096463943","user_id":1000,"provider_ok":true,"provider_resp":{"messaging_product":"whatsapp","contacts":[{"input":"+919096463943","wa_id":"919096463943"}],"messages":[{"id":"wamid.HBgMOTE5MDk2NDYzOTQzFQIAERgSODMzRDExRDg0NjdBNERDN0E5AA==","message_status":"accepted"}]}}
[2026-04-22 13:27:41] reception_login_verify_result | {"result":"OK","attempts":1}
[2026-04-22 13:34:35] whatsapp_api_post | {"url":"https:\/\/graph.facebook.com\/v19.0\/636471032888916\/messages","http_code":200,"success":true,"response":{"messaging_product":"whatsapp","contacts":[{"input":"+919096463943","wa_id":"919096463943"}],"messages":[{"id":"wamid.HBgMOTE5MDk2NDYzOTQzFQIAERgSQkE1OThGMzUxMzg0QTYwMkE5AA==","message_status":"accepted"}]},"error":null}
[2026-04-22 13:34:35] reception_send_otp | {"phone":"+919096463943","user_id":1000,"provider_ok":true,"provider_resp":{"messaging_product":"whatsapp","contacts":[{"input":"+919096463943","wa_id":"919096463943"}],"messages":[{"id":"wamid.HBgMOTE5MDk2NDYzOTQzFQIAERgSQkE1OThGMzUxMzg0QTYwMkE5AA==","message_status":"accepted"}]}}
[2026-04-22 13:34:52] reception_login_verify_result | {"result":"OK","attempts":1}
[2026-05-02 03:59:49] whatsapp_api_post | {"url":"https:\/\/graph.facebook.com\/v19.0\/636471032888916\/messages","http_code":200,"success":true,"response":{"messaging_product":"whatsapp","contacts":[{"input":"+919096463943","wa_id":"919096463943"}],"messages":[{"id":"wamid.HBgMOTE5MDk2NDYzOTQzFQIAERgSRTA5MEVEOUNGOUJFQjk1MTRGAA==","message_status":"accepted"}]},"error":null}
[2026-05-02 03:59:49] owner_send_otp | {"phone":"+919096463943","user_id":1,"provider_ok":true,"provider_resp":{"messaging_product":"whatsapp","contacts":[{"input":"+919096463943","wa_id":"919096463943"}],"messages":[{"id":"wamid.HBgMOTE5MDk2NDYzOTQzFQIAERgSRTA5MEVEOUNGOUJFQjk1MTRGAA==","message_status":"accepted"}]}}
[2026-05-02 04:00:17] owner_login_verify_result | {"result":"OK","attempts":1}
[2026-06-06 16:17:59] whatsapp_api_post | {"url":"https:\/\/graph.facebook.com\/v19.0\/636471032888916\/messages","http_code":0,"success":false,"response":null,"error":"HTTP request failed or timed out"}
[2026-06-06 16:19:28] whatsapp_api_post | {"url":"https:\/\/graph.facebook.com\/v19.0\/636471032888916\/messages","http_code":400,"success":false,"transport":"curl","response":{"error":{"message":"(#131008) Required parameter is missing","code":131008,"type":"OAuthException","error_data":{"messaging_product":"whatsapp","details":"buttons: Button at index 0 of type Url requires a parameter"},"fbtrace_id":"ApYmg3O1SMQJ46G6S_eyqSO"}},"error":null}
[2026-06-06 16:19:36] whatsapp_api_post | {"url":"https:\/\/graph.facebook.com\/v19.0\/636471032888916\/messages","http_code":200,"success":true,"transport":"curl","response":{"messaging_product":"whatsapp","contacts":[{"input":"+919096463943","wa_id":"919096463943"}],"messages":[{"id":"wamid.HBgMOTE5MDk2NDYzOTQzFQIAERgSNEJENjE4NkU1RDY2RDM2RUJEAA==","message_status":"accepted"}]},"error":null}
[2026-06-07 05:30:03] whatsapp_api_post | {"url":"https:\/\/graph.facebook.com\/v19.0\/636471032888916\/messages","http_code":0,"success":false,"response":null,"error":"HTTP request failed or timed out"}
[2026-06-07 05:30:08] whatsapp_api_post | {"url":"https:\/\/graph.facebook.com\/v19.0\/636471032888916\/messages","http_code":0,"success":false,"response":null,"error":"HTTP request failed or timed out"}
[2026-06-07 05:30:08] owner_send_otp | {"phone":"+919096463943","user_id":1}
[2026-06-07 05:30:08] owner_login_verify_result | {"result":"OK","attempts":1}
[2026-06-07 09:51:32] whatsapp_api_post | {"url":"https:\/\/graph.facebook.com\/v19.0\/636471032888916\/messages","http_code":200,"success":true,"response":{"messaging_product":"whatsapp","contacts":[{"input":"+919096463943","wa_id":"919096463943"}],"messages":[{"id":"wamid.HBgMOTE5MDk2NDYzOTQzFQIAERgSMDIzOTlBQ0JBQTI5REJCMkQyAA==","message_status":"accepted"}]},"error":null}
[2026-06-07 09:51:32] accounts_send_otp | {"phone":"+919096463943","user_id":1003}
[2026-06-07 09:51:46] accounts_login_verify_result | {"result":"OK","attempts":1}
[2026-06-07 09:53:08] whatsapp_api_post | {"url":"https:\/\/graph.facebook.com\/v19.0\/636471032888916\/messages","http_code":200,"success":true,"response":{"messaging_product":"whatsapp","contacts":[{"input":"+919096463943","wa_id":"919096463943"}],"messages":[{"id":"wamid.HBgMOTE5MDk2NDYzOTQzFQIAERgSQUQzODc1QTU0MEQyNUMyNTk3AA==","message_status":"accepted"}]},"error":null}
[2026-06-07 09:53:08] reception_send_otp | {"phone":"+919096463943","user_id":1000}
[2026-06-07 09:53:12] reception_login_verify_result | {"result":"OK","attempts":1}
[2026-06-07 11:20:15] whatsapp_api_post | {"url":"https:\/\/graph.facebook.com\/v19.0\/636471032888916\/messages","http_code":200,"success":true,"response":{"messaging_product":"whatsapp","contacts":[{"input":"+919096463943","wa_id":"919096463943"}],"messages":[{"id":"wamid.HBgMOTE5MDk2NDYzOTQzFQIAERgSMTJEOEVFRjMzRjQ4RTQ2MjQxAA==","message_status":"accepted"}]},"error":null}
[2026-06-07 11:20:15] owner_send_otp | {"phone":"+919096463943","user_id":1}
[2026-06-07 11:20:25] owner_login_verify_result | {"result":"OK","attempts":1}
[2026-06-07 15:14:19] whatsapp_api_post | {"url":"https:\/\/graph.facebook.com\/v19.0\/636471032888916\/messages","http_code":200,"success":true,"response":{"messaging_product":"whatsapp","contacts":[{"input":"+919096463943","wa_id":"919096463943"}],"messages":[{"id":"wamid.HBgMOTE5MDk2NDYzOTQzFQIAERgSNDI4Nzk3MENBRDRBMzlEMjM0AA==","message_status":"accepted"}]},"error":null}
[2026-06-07 15:14:19] owner_send_otp | {"phone":"+919096463943","user_id":1}
[2026-06-07 15:14:31] owner_login_verify_result | {"result":"OK","attempts":1}
[2026-06-08 04:39:57] whatsapp_api_post | {"url":"https:\/\/graph.facebook.com\/v19.0\/636471032888916\/messages","http_code":200,"success":true,"response":{"messaging_product":"whatsapp","contacts":[{"input":"+919096463943","wa_id":"919096463943"}],"messages":[{"id":"wamid.HBgMOTE5MDk2NDYzOTQzFQIAERgSQkZFM0M5REQ5MEE1RDQzRURDAA==","message_status":"accepted"}]},"error":null}
[2026-06-08 04:39:57] owner_send_otp | {"phone":"+919096463943","user_id":1}
[2026-06-08 04:40:13] owner_login_verify_result | {"result":"OK","attempts":1}
[2026-06-08 11:46:13] whatsapp_api_post | {"url":"https:\/\/graph.facebook.com\/v19.0\/636471032888916\/messages","http_code":200,"success":true,"response":{"messaging_product":"whatsapp","contacts":[{"input":"+919096463943","wa_id":"919096463943"}],"messages":[{"id":"wamid.HBgMOTE5MDk2NDYzOTQzFQIAERgSRjQ4ODAyRTI1QTdFNjZDOTBFAA==","message_status":"accepted"}]},"error":null}
[2026-06-08 11:46:13] owner_send_otp | {"phone":"+919096463943","user_id":1}
[2026-06-08 11:46:21] owner_login_verify_result | {"result":"OK","attempts":1}
[2026-06-08 11:53:32] whatsapp_api_post | {"url":"https:\/\/graph.facebook.com\/v19.0\/636471032888916\/messages","http_code":200,"success":true,"response":{"messaging_product":"whatsapp","contacts":[{"input":"+919096463943","wa_id":"919096463943"}],"messages":[{"id":"wamid.HBgMOTE5MDk2NDYzOTQzFQIAERgSMDg5MzQzNDMyRjk0QUNDMkIzAA==","message_status":"accepted"}]},"error":null}
[2026-06-08 11:53:32] owner_send_otp | {"phone":"+919096463943","user_id":1}
[2026-06-18 10:10:53] whatsapp_api_post | {"url":"https:\/\/graph.facebook.com\/v19.0\/636471032888916\/messages","http_code":200,"success":true,"response":{"messaging_product":"whatsapp","contacts":[{"input":"+919096463943","wa_id":"919096463943"}],"messages":[{"id":"wamid.HBgMOTE5MDk2NDYzOTQzFQIAERgSMDQwRTk1NTczRDVCRDQxQkE0AA==","message_status":"accepted"}]},"error":null}
[2026-06-18 10:10:53] owner_send_otp | {"phone":"+919096463943","user_id":1}
[2026-06-18 10:11:01] owner_login_verify_result | {"result":"OK","attempts":1}
[2026-06-18 14:46:42] whatsapp_api_post | {"url":"https:\/\/graph.facebook.com\/v19.0\/636471032888916\/messages","http_code":200,"success":true,"response":{"messaging_product":"whatsapp","contacts":[{"input":"+919096463943","wa_id":"919096463943"}],"messages":[{"id":"wamid.HBgMOTE5MDk2NDYzOTQzFQIAERgSOEQwODUwMEZENUQwOEQxMUNEAA==","message_status":"accepted"}]},"error":null}
[2026-06-18 14:46:42] owner_send_otp | {"phone":"+919096463943","user_id":1}
[2026-06-18 14:46:55] owner_login_verify_result | {"result":"OK","attempts":1}
[2026-06-19 02:35:45] whatsapp_api_post | {"url":"https:\/\/graph.facebook.com\/v19.0\/636471032888916\/messages","http_code":200,"success":true,"response":{"messaging_product":"whatsapp","contacts":[{"input":"+918446881383","wa_id":"918446881383"}],"messages":[{"id":"wamid.HBgMOTE4NDQ2ODgxMzgzFQIAERgSQ0JCRURFNTQ2RUI0MzE1NEVGAA==","message_status":"accepted"}]},"error":null}
[2026-06-19 02:35:45] owner_send_otp | {"phone":"+918446881383","user_id":1052}
[2026-06-19 02:35:50] owner_login_verify_result | {"result":"OK","attempts":1}
[2026-06-19 04:16:51] whatsapp_api_post | {"url":"https:\/\/graph.facebook.com\/v19.0\/636471032888916\/messages","http_code":200,"success":true,"response":{"messaging_product":"whatsapp","contacts":[{"input":"+919096463943","wa_id":"919096463943"}],"messages":[{"id":"wamid.HBgMOTE5MDk2NDYzOTQzFQIAERgSREVBMzEwN0M0MTNBM0ZGQTU3AA==","message_status":"accepted"}]},"error":null}
[2026-06-19 04:16:51] owner_send_otp | {"phone":"+919096463943","user_id":1}
[2026-06-29 07:05:39] whatsapp_api_post | {"url":"https:\/\/graph.facebook.com\/v19.0\/636471032888916\/messages","http_code":200,"success":true,"response":{"messaging_product":"whatsapp","contacts":[{"input":"+918446881383","wa_id":"918446881383"}],"messages":[{"id":"wamid.HBgMOTE4NDQ2ODgxMzgzFQIAERgSNjBEQzBCQ0IwNkY4NjVFNjU5AA==","message_status":"accepted"}]},"error":null}
[2026-06-29 07:05:39] reception_send_otp | {"phone":"+918446881383","user_id":1073}
[2026-06-29 07:05:57] reception_login_verify_result | {"result":"OK","attempts":1}
[2026-06-29 07:07:32] whatsapp_api_post | {"url":"https:\/\/graph.facebook.com\/v19.0\/636471032888916\/messages","http_code":200,"success":true,"response":{"messaging_product":"whatsapp","contacts":[{"input":"+918446881383","wa_id":"918446881383"}],"messages":[{"id":"wamid.HBgMOTE4NDQ2ODgxMzgzFQIAERgSMDAwODg5NDkyRDRBNjU3NUJCAA==","message_status":"accepted"}]},"error":null}
[2026-06-29 07:07:32] reception_send_otp | {"phone":"+918446881383","user_id":1073}
[2026-06-29 07:07:38] reception_login_verify_result | {"result":"OK","attempts":1}
[2026-07-02 07:33:11] whatsapp_api_post | {"url":"https:\/\/graph.facebook.com\/v19.0\/636471032888916\/messages","http_code":200,"success":true,"response":{"messaging_product":"whatsapp","contacts":[{"input":"+919423076094","wa_id":"919423076094"}],"messages":[{"id":"wamid.HBgMOTE5NDIzMDc2MDk0FQIAERgSQjU4OUZEODVEMEVDNTREMEZFAA==","message_status":"accepted"}]},"error":null}
[2026-07-02 07:33:11] owner_send_otp | {"phone":"+919423076094","user_id":1059}
[2026-07-02 07:33:17] owner_login_verify_result | {"result":"OK","attempts":1}
[2026-07-03 11:38:18] whatsapp_api_post | {"url":"https:\/\/graph.facebook.com\/v19.0\/636471032888916\/messages","http_code":200,"success":true,"response":{"messaging_product":"whatsapp","contacts":[{"input":"+918446881383","wa_id":"918446881383"}],"messages":[{"id":"wamid.HBgMOTE4NDQ2ODgxMzgzFQIAERgSMzVDNzA2OEVCMjNBODQxRTE1AA==","message_status":"accepted"}]},"error":null}
[2026-07-03 11:38:18] reception_send_otp | {"phone":"+918446881383","user_id":1073}
[2026-07-03 11:38:24] reception_login_verify_result | {"result":"OK","attempts":1}
[2026-07-03 11:38:50] whatsapp_api_post | {"url":"https:\/\/graph.facebook.com\/v19.0\/636471032888916\/messages","http_code":200,"success":true,"response":{"messaging_product":"whatsapp","contacts":[{"input":"+918446881383","wa_id":"918446881383"}],"messages":[{"id":"wamid.HBgMOTE4NDQ2ODgxMzgzFQIAERgSMjAyQkEwREZFMDBDODA4NDJEAA==","message_status":"accepted"}]},"error":null}
[2026-07-03 11:38:50] reception_send_otp | {"phone":"+918446881383","user_id":1073}
[2026-07-03 11:38:55] reception_login_verify_result | {"result":"OK","attempts":1}
[2026-07-03 11:39:05] whatsapp_api_post | {"url":"https:\/\/graph.facebook.com\/v19.0\/636471032888916\/messages","http_code":200,"success":true,"response":{"messaging_product":"whatsapp","contacts":[{"input":"+918446881383","wa_id":"918446881383"}],"messages":[{"id":"wamid.HBgMOTE4NDQ2ODgxMzgzFQIAERgSOTlDRkQ3MzdCNURCMEVFQjFDAA==","message_status":"accepted"}]},"error":null}
[2026-07-03 11:39:05] reception_send_otp | {"phone":"+918446881383","user_id":1073}
[2026-07-03 11:39:10] reception_login_verify_result | {"result":"OK","attempts":1}
[2026-07-04 12:12:20] whatsapp_api_post | {"url":"https:\/\/graph.facebook.com\/v19.0\/636471032888916\/messages","http_code":200,"success":true,"response":{"messaging_product":"whatsapp","contacts":[{"input":"+919096463943","wa_id":"919096463943"}],"messages":[{"id":"wamid.HBgMOTE5MDk2NDYzOTQzFQIAERgSNTc5MDQ4RTc5Mzk3M0QyMTE1AA==","message_status":"accepted"}]},"error":null}
[2026-07-04 12:12:20] owner_send_otp | {"phone":"+919096463943","user_id":1}
[2026-07-04 12:12:35] owner_login_verify_result | {"result":"OK","attempts":1}
[2026-07-07 08:28:27] whatsapp_api_post | {"url":"https:\/\/graph.facebook.com\/v19.0\/636471032888916\/messages","http_code":200,"success":true,"response":{"messaging_product":"whatsapp","contacts":[{"input":"+918446881383","wa_id":"918446881383"}],"messages":[{"id":"wamid.HBgMOTE4NDQ2ODgxMzgzFQIAERgSRTM0RTRFNzNCQzQ1QTI4NjIzAA==","message_status":"accepted"}]},"error":null}
[2026-07-07 08:28:27] reception_send_otp | {"phone":"+918446881383","user_id":1073}
[2026-07-07 08:28:34] reception_login_verify_result | {"result":"OK","attempts":1}
[2026-07-09 07:03:21] whatsapp_api_post | {"url":"https:\/\/graph.facebook.com\/v19.0\/636471032888916\/messages","http_code":200,"success":true,"response":{"messaging_product":"whatsapp","contacts":[{"input":"+918446881383","wa_id":"918446881383"}],"messages":[{"id":"wamid.HBgMOTE4NDQ2ODgxMzgzFQIAERgSMjlGNTRENEU1MzUyQjk4M0EyAA==","message_status":"accepted"}]},"error":null}
[2026-07-09 07:03:21] reception_send_otp | {"phone":"+918446881383","user_id":1073}
[2026-07-09 07:03:28] reception_login_verify_result | {"result":"OK","attempts":1}
[2026-07-09 07:13:35] whatsapp_api_post | {"url":"https:\/\/graph.facebook.com\/v19.0\/636471032888916\/messages","http_code":200,"success":true,"response":{"messaging_product":"whatsapp","contacts":[{"input":"+918446881383","wa_id":"918446881383"}],"messages":[{"id":"wamid.HBgMOTE4NDQ2ODgxMzgzFQIAERgSMDIxRUZEOENEODBDOEIzQzNBAA==","message_status":"accepted"}]},"error":null}
[2026-07-09 07:13:35] reception_send_otp | {"phone":"+918446881383","user_id":1073}
[2026-07-09 07:13:45] reception_login_verify_result | {"result":"OK","attempts":1}
[2026-07-10 05:42:54] whatsapp_api_post | {"url":"https:\/\/graph.facebook.com\/v19.0\/636471032888916\/messages","http_code":200,"success":true,"response":{"messaging_product":"whatsapp","contacts":[{"input":"+918446881383","wa_id":"918446881383"}],"messages":[{"id":"wamid.HBgMOTE4NDQ2ODgxMzgzFQIAERgSNkI1NTRGMTFCRTFFMzg5QzhEAA==","message_status":"accepted"}]},"error":null}
[2026-07-10 05:42:54] reception_send_otp | {"phone":"+918446881383","user_id":1073}
[2026-07-10 05:43:01] reception_login_verify_result | {"result":"OK","attempts":1}
[2026-07-15 07:36:58] whatsapp_api_post | {"url":"https:\/\/graph.facebook.com\/v19.0\/636471032888916\/messages","http_code":200,"success":true,"response":{"messaging_product":"whatsapp","contacts":[{"input":"+918446881383","wa_id":"918446881383"}],"messages":[{"id":"wamid.HBgMOTE4NDQ2ODgxMzgzFQIAERgSRDQxNEE2QTEyOTY2RTBFMDQ4AA==","message_status":"accepted"}]},"error":null}
[2026-07-15 07:36:58] reception_send_otp | {"phone":"+918446881383","user_id":1073}
[2026-07-15 07:37:03] reception_login_verify_result | {"result":"OK","attempts":1}
[2026-07-15 07:39:12] whatsapp_api_post | {"url":"https:\/\/graph.facebook.com\/v19.0\/636471032888916\/messages","http_code":200,"success":true,"response":{"messaging_product":"whatsapp","contacts":[{"input":"+918446881383","wa_id":"918446881383"}],"messages":[{"id":"wamid.HBgMOTE4NDQ2ODgxMzgzFQIAERgSM0FFN0Y2QkFDNTYwNTYxMUI4AA==","message_status":"accepted"}]},"error":null}
[2026-07-15 07:39:12] reception_send_otp | {"phone":"+918446881383","user_id":1073}
[2026-07-15 07:39:26] reception_login_verify_result | {"result":"FAIL","attempts":1}
[2026-07-17 07:15:49] whatsapp_api_post | {"url":"https:\/\/graph.facebook.com\/v19.0\/636471032888916\/messages","http_code":200,"success":true,"response":{"messaging_product":"whatsapp","contacts":[{"input":"+918446881383","wa_id":"918446881383"}],"messages":[{"id":"wamid.HBgMOTE4NDQ2ODgxMzgzFQIAERgSODdDOEE5MTUzMjg4NTZFM0IwAA==","message_status":"accepted"}]},"error":null}
[2026-07-17 07:15:49] reception_send_otp | {"phone":"+918446881383","user_id":1073}
[2026-07-17 07:15:55] reception_login_verify_result | {"result":"OK","attempts":1}
[2026-07-23 04:22:23] whatsapp_api_post | {"url":"https:\/\/graph.facebook.com\/v19.0\/636471032888916\/messages","http_code":200,"success":true,"response":{"messaging_product":"whatsapp","contacts":[{"input":"+919096463943","wa_id":"919096463943"}],"messages":[{"id":"wamid.HBgMOTE5MDk2NDYzOTQzFQIAERgSN0E3N0U5RkYyNjIwRUEwQ0FFAA==","message_status":"accepted"}]},"error":null}
[2026-07-23 04:22:23] owner_send_otp | {"phone":"+919096463943","user_id":1}
[2026-07-23 04:22:34] owner_login_verify_result | {"result":"OK","attempts":1}
[2026-07-23 04:24:06] whatsapp_api_post | {"url":"https:\/\/graph.facebook.com\/v19.0\/636471032888916\/messages","http_code":200,"success":true,"response":{"messaging_product":"whatsapp","contacts":[{"input":"+918446881383","wa_id":"918446881383"}],"messages":[{"id":"wamid.HBgMOTE4NDQ2ODgxMzgzFQIAERgSRkNDNEQ1NkIxQTAxODY3RTY4AA==","message_status":"accepted"}]},"error":null}
[2026-07-23 04:24:06] reception_send_otp | {"phone":"+918446881383","user_id":1073}
[2026-07-23 04:24:13] reception_login_verify_result | {"result":"OK","attempts":1}
[2026-07-23 04:25:28] whatsapp_api_post | {"url":"https:\/\/graph.facebook.com\/v19.0\/636471032888916\/messages","http_code":200,"success":true,"response":{"messaging_product":"whatsapp","contacts":[{"input":"+918446881383","wa_id":"918446881383"}],"messages":[{"id":"wamid.HBgMOTE4NDQ2ODgxMzgzFQIAERgSODZFOEExQzBGQUUxOEI2NDY5AA==","message_status":"accepted"}]},"error":null}
[2026-07-23 04:25:28] owner_send_otp | {"phone":"+918446881383","user_id":1052}
[2026-07-23 04:25:35] owner_login_verify_result | {"result":"OK","attempts":1}
[2026-07-27 07:26:31] whatsapp_api_post | {"url":"https:\/\/graph.facebook.com\/v19.0\/636471032888916\/messages","http_code":200,"success":true,"response":{"messaging_product":"whatsapp","contacts":[{"input":"+918446881383","wa_id":"918446881383"}],"messages":[{"id":"wamid.HBgMOTE4NDQ2ODgxMzgzFQIAERgSODgxQjE4RjAzQTVFNTJGRDIxAA==","message_status":"accepted"}]},"error":null}
[2026-07-27 07:26:31] owner_send_otp | {"phone":"+918446881383","user_id":1052}
[2026-07-27 07:26:36] owner_login_verify_result | {"result":"OK","attempts":1}
[2026-07-27 08:18:01] whatsapp_api_post | {"url":"https:\/\/graph.facebook.com\/v19.0\/636471032888916\/messages","http_code":200,"success":true,"response":{"messaging_product":"whatsapp","contacts":[{"input":"+918446881383","wa_id":"918446881383"}],"messages":[{"id":"wamid.HBgMOTE4NDQ2ODgxMzgzFQIAERgSODg4QkMxNkNEREMyQzZBMzQzAA==","message_status":"accepted"}]},"error":null}
[2026-07-27 08:18:01] owner_send_otp | {"phone":"+918446881383","user_id":1052}
[2026-07-27 08:18:08] owner_login_verify_result | {"result":"OK","attempts":1}
[2026-08-04 06:36:44] whatsapp_api_post | {"url":"https:\/\/graph.facebook.com\/v19.0\/636471032888916\/messages","http_code":200,"success":true,"response":{"messaging_product":"whatsapp","contacts":[{"input":"+918446881383","wa_id":"918446881383"}],"messages":[{"id":"wamid.HBgMOTE4NDQ2ODgxMzgzFQIAERgSNkZGMTZBNDMxRDBGMUMyMTUwAA==","message_status":"accepted"}]},"error":null}
[2026-08-04 06:36:44] owner_send_otp | {"phone":"+918446881383","user_id":1052}
[2026-08-04 06:36:53] owner_login_verify_result | {"result":"OK","attempts":1}
[2026-08-04 07:09:46] whatsapp_api_post | {"url":"https:\/\/graph.facebook.com\/v19.0\/636471032888916\/messages","http_code":200,"success":true,"response":{"messaging_product":"whatsapp","contacts":[{"input":"+918446881383","wa_id":"918446881383"}],"messages":[{"id":"wamid.HBgMOTE4NDQ2ODgxMzgzFQIAERgSRjQ5MjE1OUE3MjQ0MkM1NTQ4AA==","message_status":"accepted"}]},"error":null}
[2026-08-04 07:09:46] owner_send_otp | {"phone":"+918446881383","user_id":1052}
[2026-08-04 07:09:52] owner_login_verify_result | {"result":"OK","attempts":1}
[2026-08-05 05:52:21] whatsapp_api_post | {"url":"https:\/\/graph.facebook.com\/v19.0\/636471032888916\/messages","http_code":200,"success":true,"response":{"messaging_product":"whatsapp","contacts":[{"input":"+918446881383","wa_id":"918446881383"}],"messages":[{"id":"wamid.HBgMOTE4NDQ2ODgxMzgzFQIAERgSMTgzNTcxRkUxNzI4Qzg1MEY3AA==","message_status":"accepted"}]},"error":null}
[2026-08-05 05:52:21] owner_send_otp | {"phone":"+918446881383","user_id":1052}
[2026-08-05 05:52:29] owner_login_verify_result | {"result":"OK","attempts":1}
[2026-08-05 06:01:01] whatsapp_api_post | {"url":"https:\/\/graph.facebook.com\/v19.0\/636471032888916\/messages","http_code":200,"success":true,"response":{"messaging_product":"whatsapp","contacts":[{"input":"+918446881383","wa_id":"918446881383"}],"messages":[{"id":"wamid.HBgMOTE4NDQ2ODgxMzgzFQIAERgSNEFERUMzMzkwMjgyQzZDNjczAA==","message_status":"accepted"}]},"error":null}
[2026-08-05 06:01:01] owner_send_otp | {"phone":"+918446881383","user_id":1052}
[2026-08-05 06:01:07] owner_login_verify_result | {"result":"OK","attempts":1}
[2026-08-06 07:48:51] whatsapp_api_post | {"url":"https:\/\/graph.facebook.com\/v19.0\/636471032888916\/messages","http_code":200,"success":true,"response":{"messaging_product":"whatsapp","contacts":[{"input":"+918446881383","wa_id":"918446881383"}],"messages":[{"id":"wamid.HBgMOTE4NDQ2ODgxMzgzFQIAERgSRDBCMzM4RkM1NUI0MTU0NzQyAA==","message_status":"accepted"}]},"error":null}
[2026-08-06 07:48:51] owner_send_otp | {"phone":"+918446881383","user_id":1052}
[2026-08-06 07:48:58] owner_login_verify_result | {"result":"OK","attempts":1}
[2026-08-06 07:49:17] whatsapp_api_post | {"url":"https:\/\/graph.facebook.com\/v19.0\/636471032888916\/messages","http_code":200,"success":true,"response":{"messaging_product":"whatsapp","contacts":[{"input":"+918446881383","wa_id":"918446881383"}],"messages":[{"id":"wamid.HBgMOTE4NDQ2ODgxMzgzFQIAERgSRjI3QUM2NTQzNTc5MEJCNURBAA==","message_status":"accepted"}]},"error":null}
[2026-08-06 07:49:17] owner_send_otp | {"phone":"+918446881383","user_id":1052}
[2026-08-06 07:49:25] owner_login_verify_result | {"result":"OK","attempts":1}
[2026-08-07 08:23:03] whatsapp_api_post | {"url":"https:\/\/graph.facebook.com\/v19.0\/636471032888916\/messages","http_code":200,"success":true,"response":{"messaging_product":"whatsapp","contacts":[{"input":"+918446881383","wa_id":"918446881383"}],"messages":[{"id":"wamid.HBgMOTE4NDQ2ODgxMzgzFQIAERgSNTdDNUU0NDJDRDJDRjM4QzREAA==","message_status":"accepted"}]},"error":null}
[2026-08-07 08:23:03] owner_send_otp | {"phone":"+918446881383","user_id":1052}
[2026-08-07 08:23:10] owner_login_verify_result | {"result":"OK","attempts":1}
[2026-08-07 09:03:46] whatsapp_api_post | {"url":"https:\/\/graph.facebook.com\/v19.0\/636471032888916\/messages","http_code":200,"success":true,"response":{"messaging_product":"whatsapp","contacts":[{"input":"+918446881383","wa_id":"918446881383"}],"messages":[{"id":"wamid.HBgMOTE4NDQ2ODgxMzgzFQIAERgSRDg4NkE0NzYxMkJBODI0RUM5AA==","message_status":"accepted"}]},"error":null}
[2026-08-07 09:03:46] reception_send_otp | {"phone":"+918446881383","user_id":1073}
[2026-08-07 09:03:51] reception_login_verify_result | {"result":"OK","attempts":1}
[2026-08-11 06:33:45] whatsapp_api_post | {"url":"https:\/\/graph.facebook.com\/v19.0\/636471032888916\/messages","http_code":200,"success":true,"response":{"messaging_product":"whatsapp","contacts":[{"input":"+918446881383","wa_id":"918446881383"}],"messages":[{"id":"wamid.HBgMOTE4NDQ2ODgxMzgzFQIAERgSMUI1MTZBQTU1MTI5ODc3M0MzAA==","message_status":"accepted"}]},"error":null}
[2026-08-11 06:33:45] owner_send_otp | {"phone":"+918446881383","user_id":1052}
[2026-08-11 06:33:52] owner_login_verify_result | {"result":"OK","attempts":1}
[2026-08-11 07:09:01] whatsapp_api_post | {"url":"https:\/\/graph.facebook.com\/v19.0\/636471032888916\/messages","http_code":200,"success":true,"response":{"messaging_product":"whatsapp","contacts":[{"input":"+918446881383","wa_id":"918446881383"}],"messages":[{"id":"wamid.HBgMOTE4NDQ2ODgxMzgzFQIAERgSQkM4NkQwREM3OUU1NEEzQzc4AA==","message_status":"accepted"}]},"error":null}
[2026-08-11 07:09:01] owner_send_otp | {"phone":"+918446881383","user_id":1052}
[2026-08-11 07:09:09] owner_login_verify_result | {"result":"OK","attempts":1}
[2026-08-23 13:12:28] whatsapp_api_post | {"url":"https:\/\/graph.facebook.com\/v19.0\/636471032888916\/messages","http_code":200,"success":true,"response":{"messaging_product":"whatsapp","contacts":[{"input":"+919096463943","wa_id":"919096463943"}],"messages":[{"id":"wamid.HBgMOTE5MDk2NDYzOTQzFQIAERgSMTM3RkIyN0ExQjdGRTM5QTc4AA==","message_status":"accepted"}]},"error":null}
[2026-08-23 13:12:28] owner_send_otp | {"phone":"+919096463943","user_id":1}
[2026-08-23 13:12:53] owner_login_verify_result | {"result":"OK","attempts":1}
[2026-08-23 13:51:29] whatsapp_api_post | {"url":"https:\/\/graph.facebook.com\/v19.0\/636471032888916\/messages","http_code":200,"success":true,"response":{"messaging_product":"whatsapp","contacts":[{"input":"+919096463943","wa_id":"919096463943"}],"messages":[{"id":"wamid.HBgMOTE5MDk2NDYzOTQzFQIAERgSNkM4QzRENkJGNjc2QjcwMjJBAA==","message_status":"accepted"}]},"error":null}
[2026-08-23 13:51:29] owner_send_otp | {"phone":"+919096463943","user_id":1}
[2026-08-23 13:51:43] owner_login_verify_result | {"result":"OK","attempts":1}
[2026-08-23 13:51:56] whatsapp_api_post | {"url":"https:\/\/graph.facebook.com\/v19.0\/636471032888916\/messages","http_code":200,"success":true,"response":{"messaging_product":"whatsapp","contacts":[{"input":"+919096463943","wa_id":"919096463943"}],"messages":[{"id":"wamid.HBgMOTE5MDk2NDYzOTQzFQIAERgSMzU2REQ2RjhGOTlBNTgyMkE2AA==","message_status":"accepted"}]},"error":null}
[2026-08-23 13:51:56] owner_send_otp | {"phone":"+919096463943","user_id":1}
[2026-08-23 13:52:03] owner_login_verify_result | {"result":"OK","attempts":1}
[2026-08-23 13:52:04] owner_login_verify_result | {"result":"OK","attempts":1}
[2026-08-29 05:06:11] whatsapp_api_post | {"url":"https:\/\/graph.facebook.com\/v19.0\/636471032888916\/messages","http_code":200,"success":true,"response":{"messaging_product":"whatsapp","contacts":[{"input":"+919423076094","wa_id":"919423076094"}],"messages":[{"id":"wamid.HBgMOTE5NDIzMDc2MDk0FQIAERgSNkM2NjFDNDJFRTBBRDg3NjdEAA==","message_status":"accepted"}]},"error":null}
[2026-08-29 05:06:11] owner_send_otp | {"phone":"+919423076094","user_id":1059}
[2026-08-29 05:06:11] whatsapp_api_post | {"url":"https:\/\/graph.facebook.com\/v19.0\/636471032888916\/messages","http_code":200,"success":true,"response":{"messaging_product":"whatsapp","contacts":[{"input":"+918446881383","wa_id":"918446881383"}],"messages":[{"id":"wamid.HBgMOTE4NDQ2ODgxMzgzFQIAERgSNzFBRjNGODJFNzYzNDMwMEMzAA==","message_status":"accepted"}]},"error":null}
[2026-08-29 05:06:11] owner_send_otp | {"phone":"+918446881383","user_id":1052}
[2026-08-29 05:06:17] owner_login_verify_result | {"result":"OK","attempts":1}
[2026-08-29 05:06:18] owner_login_verify_result | {"result":"OK","attempts":1}
[2026-08-29 05:07:09] whatsapp_api_post | {"url":"https:\/\/graph.facebook.com\/v19.0\/636471032888916\/messages","http_code":200,"success":true,"response":{"messaging_product":"whatsapp","contacts":[{"input":"+919423076094","wa_id":"919423076094"}],"messages":[{"id":"wamid.HBgMOTE5NDIzMDc2MDk0FQIAERgSQjBBRjk5RjAwMTcyQTk0NkY0AA==","message_status":"accepted"}]},"error":null}
[2026-08-29 05:07:09] owner_send_otp | {"phone":"+919423076094","user_id":1059}
[2026-08-29 05:07:19] owner_login_verify_result | {"result":"OK","attempts":1}
[2026-08-29 05:07:19] owner_login_verify_result | {"result":"OK","attempts":1}
[2026-09-11 07:15:20] whatsapp_api_post | {"url":"https:\/\/graph.facebook.com\/v19.0\/636471032888916\/messages","http_code":200,"success":true,"response":{"messaging_product":"whatsapp","contacts":[{"input":"+918446881383","wa_id":"918446881383"}],"messages":[{"id":"wamid.HBgMOTE4NDQ2ODgxMzgzFQIAERgSQTQ3OUYxM0M0MEQ0REMwQzQ5AA==","message_status":"accepted"}]},"error":null}
[2026-09-11 07:15:20] owner_send_otp | {"phone":"+918446881383","user_id":1052}
[2026-09-11 07:15:26] owner_login_verify_result | {"result":"OK","attempts":1}
[2026-09-11 07:44:58] whatsapp_api_post | {"url":"https:\/\/graph.facebook.com\/v19.0\/636471032888916\/messages","http_code":200,"success":true,"response":{"messaging_product":"whatsapp","contacts":[{"input":"+918446881383","wa_id":"918446881383"}],"messages":[{"id":"wamid.HBgMOTE4NDQ2ODgxMzgzFQIAERgSMDZCRTY0MjlDQThBMTlDNjc1AA==","message_status":"accepted"}]},"error":null}
[2026-09-11 07:44:58] owner_send_otp | {"phone":"+918446881383","user_id":1052}
[2026-09-11 07:45:03] owner_login_verify_result | {"result":"OK","attempts":1}
[2026-09-11 07:45:11] whatsapp_api_post | {"url":"https:\/\/graph.facebook.com\/v19.0\/636471032888916\/messages","http_code":200,"success":true,"response":{"messaging_product":"whatsapp","contacts":[{"input":"+919423076094","wa_id":"919423076094"}],"messages":[{"id":"wamid.HBgMOTE5NDIzMDc2MDk0FQIAERgSOTkzNUY3RjU5MDk0OUM1MDUyAA==","message_status":"accepted"}]},"error":null}
[2026-09-11 07:45:11] owner_send_otp | {"phone":"+919423076094","user_id":1059}
[2026-09-11 07:45:17] owner_login_verify_result | {"result":"OK","attempts":1}
[2026-09-11 07:45:29] whatsapp_api_post | {"url":"https:\/\/graph.facebook.com\/v19.0\/636471032888916\/messages","http_code":200,"success":true,"response":{"messaging_product":"whatsapp","contacts":[{"input":"+918446881383","wa_id":"918446881383"}],"messages":[{"id":"wamid.HBgMOTE4NDQ2ODgxMzgzFQIAERgSNzQzNTkzMDQ5RTI2MTA5NDAyAA==","message_status":"accepted"}]},"error":null}
[2026-09-11 07:45:29] owner_send_otp | {"phone":"+918446881383","user_id":1052}
[2026-09-11 07:45:30] whatsapp_api_post | {"url":"https:\/\/graph.facebook.com\/v19.0\/636471032888916\/messages","http_code":200,"success":true,"response":{"messaging_product":"whatsapp","contacts":[{"input":"+919423076094","wa_id":"919423076094"}],"messages":[{"id":"wamid.HBgMOTE5NDIzMDc2MDk0FQIAERgSN0ZCNTcyODM2QjI2OTg0NDA3AA==","message_status":"accepted"}]},"error":null}
[2026-09-11 07:45:30] owner_send_otp | {"phone":"+919423076094","user_id":1059}
[2026-09-11 07:45:32] owner_login_verify_result | {"result":"OK","attempts":1}
[2026-09-11 07:45:35] owner_login_verify_result | {"result":"OK","attempts":1}
[2026-09-11 07:58:54] whatsapp_api_post | {"url":"https:\/\/graph.facebook.com\/v19.0\/636471032888916\/messages","http_code":200,"success":true,"response":{"messaging_product":"whatsapp","contacts":[{"input":"+918446881383","wa_id":"918446881383"}],"messages":[{"id":"wamid.HBgMOTE4NDQ2ODgxMzgzFQIAERgSOUQ0MTI3RDQ5NDE2QUY2ODdDAA==","message_status":"accepted"}]},"error":null}
[2026-09-11 07:58:54] owner_send_otp | {"phone":"+918446881383","user_id":1052}
[2026-09-11 07:59:05] owner_login_verify_result | {"result":"OK","attempts":1}
[2026-09-11 16:45:46] whatsapp_api_post | {"url":"https:\/\/graph.facebook.com\/v19.0\/636471032888916\/messages","http_code":200,"success":true,"response":{"messaging_product":"whatsapp","contacts":[{"input":"+918446881383","wa_id":"918446881383"}],"messages":[{"id":"wamid.HBgMOTE4NDQ2ODgxMzgzFQIAERgSMTY0OTU1MDU0NkU2OUM0QkQ0AA==","message_status":"accepted"}]},"error":null}
[2026-09-11 16:45:46] owner_send_otp | {"phone":"+918446881383","user_id":1052}
[2026-09-11 16:45:52] owner_login_verify_result | {"result":"OK","attempts":1}
[2026-09-11 16:48:07] whatsapp_api_post | {"url":"https:\/\/graph.facebook.com\/v19.0\/636471032888916\/messages","http_code":200,"success":true,"response":{"messaging_product":"whatsapp","contacts":[{"input":"+919096463943","wa_id":"919096463943"}],"messages":[{"id":"wamid.HBgMOTE5MDk2NDYzOTQzFQIAERgSRUY1NUI5Njk5MUU5QUZGQzkzAA==","message_status":"accepted"}]},"error":null}
[2026-09-11 16:48:07] owner_send_otp | {"phone":"+919096463943","user_id":1}
[2026-09-11 16:48:24] owner_login_verify_result | {"result":"OK","attempts":1}
[2026-09-16 16:24:12] whatsapp_api_post | {"url":"https:\/\/graph.facebook.com\/v19.0\/636471032888916\/messages","http_code":200,"success":true,"response":{"messaging_product":"whatsapp","contacts":[{"input":"+919096463943","wa_id":"919096463943"}],"messages":[{"id":"wamid.HBgMOTE5MDk2NDYzOTQzFQIAERgSMDk3MDRGODI0NDc0NjUyMDU3AA==","message_status":"accepted"}]},"error":null}
[2026-09-16 16:24:12] owner_send_otp | {"phone":"+919096463943","user_id":1}
[2026-09-16 16:24:29] owner_login_verify_result | {"result":"OK","attempts":1}
[2026-09-17 04:23:38] whatsapp_api_post | {"url":"https:\/\/graph.facebook.com\/v19.0\/636471032888916\/messages","http_code":200,"success":true,"response":{"messaging_product":"whatsapp","contacts":[{"input":"+919096463943","wa_id":"919096463943"}],"messages":[{"id":"wamid.HBgMOTE5MDk2NDYzOTQzFQIAERgSMDYyREE1MzdGQzQ5NDg0NTc3AA==","message_status":"accepted"}]},"error":null}
[2026-09-17 04:23:38] owner_send_otp | {"phone":"+919096463943","user_id":1}
[2026-09-17 04:23:52] owner_login_verify_result | {"result":"OK","attempts":1}
